Unnamed: 0,volatile acidity,citric acid,residual sugar,chlorides,total sulfur dioxide,density,pH,sulphates,alcohol,quality
0,0.7,0.0,1.9,0.076,34.0,0.9978,3.51,0.56,9.4,0
1,0.88,0.0,2.6,0.098,67.0,0.9968,3.2,0.68,9.8,0
2,0.76,0.04,2.3,0.092,54.0,0.997,3.26,0.65,9.8,0
3,0.28,0.56,1.9,0.075,60.0,0.998,3.16,0.58,9.8,1
5,0.66,0.0,1.8,0.075,40.0,0.9978,3.51,0.56,9.4,0
6,0.6,0.06,1.6,0.069,59.0,0.9964,3.3,0.46,9.4,0
7,0.65,0.0,1.2,0.065,21.0,0.9946,3.39,0.47,10.0,1
8,0.58,0.02,2.0,0.073,18.0,0.9968,3.36,0.57,9.5,1
10,0.58,0.08,1.8,0.0969999999999999,65.0,0.9959,3.28,0.54,9.2,0
12,0.615,0.0,1.6,0.089,59.0,0.9943,3.58,0.52,9.9,0
16,0.28,0.56,1.8,0.092,103.0,0.9969,3.3,0.75,10.5,1
20,0.22,0.48,1.8,0.077,60.0,0.9968,3.39,0.53,9.4,1
21,0.39,0.31,2.3,0.0819999999999999,71.0,0.9982,3.52,0.65,9.7,0
22,0.43,0.21,1.6,0.106,37.0,0.9966,3.17,0.91,9.5,0
23,0.49,0.11,2.3,0.084,67.0,0.9968,3.17,0.53,9.4,0
24,0.4,0.14,2.4,0.085,40.0,0.9968,3.43,0.63,9.7,1
25,0.39,0.16,1.4,0.08,23.0,0.9955,3.34,0.56,9.3,0
26,0.41,0.24,1.8,0.08,11.0,0.9962,3.28,0.59,9.5,0
28,0.71,0.0,1.9,0.08,35.0,0.9972,3.47,0.55,9.4,0
29,0.645,0.0,2.0,0.0819999999999999,16.0,0.9964,3.38,0.59,9.8,1
30,0.675,0.07,2.4,0.089,82.0,0.9958,3.35,0.54,10.1,0
31,0.685,0.0,2.5,0.105,37.0,0.9966,3.46,0.57,10.6,1
32,0.655,0.12,2.3,0.083,113.0,0.9966,3.17,0.66,9.8,0
34,0.32,0.25,1.8,0.103,50.0,0.9957,3.38,0.55,9.2,0
36,0.6,0.14,2.4,0.086,15.0,0.9975,3.42,0.6,10.8,1
37,0.38,0.28,2.1,0.066,30.0,0.9968,3.23,0.73,9.7,1
41,0.61,0.3,2.8,0.088,46.0,0.9976,3.26,0.51,9.3,0
44,0.67,0.02,1.8,0.05,11.0,0.9962,3.48,0.52,9.5,0
46,0.935,0.43,2.2,0.114,114.0,0.997,3.25,0.73,9.2,0
47,0.29,0.52,1.6,0.113,37.0,0.9969,3.25,0.58,9.5,0
48,0.4,0.23,1.6,0.066,12.0,0.9958,3.34,0.56,9.2,0
49,0.31,0.37,1.4,0.074,96.0,0.9954,3.32,0.58,9.2,0
50,0.66,0.26,1.7,0.074,23.0,0.9971,3.15,0.74,9.2,0
51,0.52,0.04,2.2,0.069,15.0,0.9956,3.4,0.63,9.4,1
52,0.5,0.04,2.1,0.068,14.0,0.9955,3.39,0.64,9.4,1
53,0.38,0.36,3.0,0.081,119.0,0.997,3.2,0.56,9.4,0
54,0.51,0.15,2.8,0.11,73.0,0.9955,3.17,0.63,10.2,1
56,0.42,0.57,3.4,0.07,10.0,0.9971,3.04,0.63,9.6,0
58,0.59,0.18,2.3,0.076,54.0,0.9975,3.43,0.59,10.0,0
59,0.39,0.31,2.4,0.074,46.0,0.9962,3.41,0.54,9.4,1
60,0.4,0.4,2.2,0.079,52.0,0.998,3.44,0.64,9.2,0
61,0.69,0.49,1.8,0.115,112.0,0.9968,3.21,0.71,9.3,0
62,0.52,0.16,1.9,0.085,35.0,0.9968,3.38,0.62,9.5,1
63,0.735,0.05,2.0,0.081,54.0,0.9966,3.39,0.57,9.8,0
66,0.52,0.11,1.5,0.079,39.0,0.9968,3.42,0.58,9.6,0
67,0.705,0.07,1.6,0.076,15.0,0.9962,3.44,0.58,10.7,0
68,0.32,0.57,2.0,0.074,65.0,0.9969,3.28,0.79,10.7,0
69,0.705,0.05,1.9,0.074,19.0,0.9962,3.34,0.95,10.5,1
70,0.63,0.08,1.9,0.076,27.0,0.9967,3.32,0.54,9.5,1
71,0.67,0.23,2.1,0.088,96.0,0.9962,3.32,0.48,9.5,0
72,0.69,0.22,1.9,0.084,94.0,0.9961,3.31,0.48,9.5,0
73,0.675,0.26,2.1,0.084,43.0,0.9976,3.31,0.53,9.2,0
74,0.32,0.54,2.5,0.094,83.0,0.9984,3.28,0.82,9.6,0
75,0.41,0.64,2.2,0.093,42.0,0.9986,3.54,0.66,10.5,0
77,0.785,0.0,2.4,0.104,30.0,0.9966,3.52,0.55,10.7,1
78,0.75,0.12,2.0,0.086,80.0,0.9958,3.38,0.52,10.1,0
80,0.45,0.2,1.6,0.069,15.0,0.9958,3.41,0.56,9.2,0
82,0.5,0.47,2.0,0.086,73.0,0.997,3.36,0.57,9.1,0
84,0.3,0.48,1.8,0.069,61.0,0.9959,3.44,0.78,10.3,1
85,0.55,0.15,2.2,0.076,40.0,0.9961,3.41,0.59,10.1,0
87,0.49,0.26,1.9,0.062,31.0,0.9966,3.39,0.64,9.6,0
89,0.62,0.08,1.8,0.076,24.0,0.9978,3.48,0.53,9.0,0
96,0.775,0.0,3.0,0.102,23.0,0.9965,3.45,0.56,10.7,0
97,0.5,0.25,2.0,0.07,22.0,0.9963,3.25,0.63,9.2,0
98,0.9,0.06,2.5,0.079,10.0,0.9967,3.39,0.56,9.8,0
99,0.545,0.18,1.9,0.08,35.0,0.9972,3.3,0.59,9.0,1
100,0.61,0.3,2.1,0.084,50.0,0.9972,3.4,0.61,10.2,1
101,0.5,0.3,1.9,0.075,22.0,0.9959,3.31,0.56,10.4,1
103,0.575,0.22,2.1,0.077,65.0,0.9967,3.29,0.51,9.2,0
104,0.49,0.24,2.2,0.07,36.0,0.996,3.33,0.48,9.4,0
107,0.63,0.31,1.7,0.088,64.0,0.9969,3.46,0.79,9.3,0
108,0.33,0.53,2.5,0.091,80.0,0.9976,3.37,0.8,9.6,1
110,0.56,0.19,1.8,0.104,47.0,0.9964,3.19,0.93,9.5,0
111,0.62,0.09,2.2,0.084,108.0,0.9964,3.15,0.66,9.8,0
112,0.6,0.1,2.2,0.085,111.0,0.9964,3.15,0.66,9.8,0
113,0.31,0.44,2.3,0.08,46.0,0.9988,3.32,0.67,9.7,1
115,0.4,0.31,2.2,0.09,62.0,0.9966,3.07,0.63,10.5,1
116,0.54,0.28,1.9,0.077,40.0,0.9978,3.39,0.61,10.0,1
117,0.56,0.12,2.0,0.0819999999999999,28.0,0.997,3.37,0.5,9.4,1
118,0.55,0.04,2.2,0.119,56.0,0.9962,3.21,0.6,10.9,1
119,0.69,0.08,1.8,0.0969999999999999,89.0,0.9959,3.34,0.54,9.2,1
122,0.695,0.0,2.5,0.075,13.0,0.998,3.49,0.52,9.2,0
123,0.71,0.0,2.6,0.08,34.0,0.9976,3.44,0.53,9.5,0
124,0.5,0.17,1.6,0.0819999999999999,102.0,0.996,3.39,0.48,9.5,0
128,0.59,0.16,1.8,0.065,16.0,0.9962,3.42,0.92,10.5,1
129,0.38,0.15,1.8,0.072,19.0,0.9955,3.42,0.57,9.4,0
131,0.5,0.09,2.3,0.049,99.0,0.9937,3.63,0.63,13.0,0
133,0.5,0.01,1.5,0.06,26.0,0.9952,3.4,0.58,9.8,1
135,0.745,0.11,1.9,0.09,63.0,0.9965,3.19,0.82,9.6,0
136,0.715,0.15,1.8,0.089,52.0,0.9968,3.23,0.77,9.5,0
137,0.415,0.36,2.0,0.081,45.0,0.9972,3.48,0.64,9.2,0
138,0.56,0.19,2.1,0.081,105.0,0.9962,3.33,0.54,9.5,0
139,0.56,0.19,2.0,0.081,108.0,0.9962,3.32,0.54,9.5,0
143,0.39,0.08,1.7,0.066,20.0,0.9954,3.34,0.58,9.4,0
146,0.68,0.02,1.8,0.087,94.0,0.9944,3.54,0.52,10.0,0
148,0.49,0.1,2.3,0.074,30.0,0.9959,3.42,0.58,10.2,1
149,0.4,0.44,2.8,0.089,43.0,0.9975,3.53,0.61,10.5,1
150,0.33,0.47,2.1,0.077,11.0,0.9958,3.33,0.53,10.3,1
152,0.6,0.03,1.8,0.095,99.0,0.995,3.35,0.54,10.1,0
158,0.68,0.0,2.2,0.073,22.0,0.9969,3.48,0.5,9.3,0
159,0.6,0.18,1.9,0.079,86.0,0.9968,3.59,0.57,9.3,1
160,0.95,0.03,2.0,0.09,20.0,0.9959,3.2,0.56,9.6,0
162,0.53,0.04,1.7,0.076,31.0,0.9964,3.33,0.56,10.0,1
165,0.63,0.48,1.7,0.1,96.0,0.9961,3.19,0.62,9.5,0
166,0.64,0.1,2.1,0.085,101.0,0.9956,3.34,0.52,10.2,0
167,0.55,0.03,1.6,0.072,42.0,0.9956,3.37,0.48,9.0,0
168,0.63,0.07,2.1,0.089,44.0,0.9953,3.47,0.55,10.4,1
170,0.885,0.03,1.8,0.0579999999999999,8.0,0.9972,3.36,0.33,9.1,0
171,0.42,0.17,2.0,0.073,18.0,0.9972,3.29,0.61,9.2,1
173,0.62,0.05,1.9,0.068,42.0,0.9961,3.42,0.57,11.5,1
174,0.38,0.21,2.0,0.08,35.0,0.9961,3.33,0.47,9.5,0
175,0.5,0.04,1.5,0.085,49.0,0.9958,3.35,0.78,9.5,0
177,0.52,0.42,2.3,0.087,38.0,0.9972,3.58,0.61,10.5,1
178,0.805,0.0,2.5,0.068,20.0,0.9969,3.48,0.56,9.6,0
179,0.61,0.14,2.4,0.067,42.0,0.9969,3.19,0.59,9.5,0
182,0.73,0.02,2.5,0.076,42.0,0.9972,3.44,0.52,9.3,0
183,0.61,0.2,1.8,0.077,65.0,0.9971,3.54,0.58,9.3,0
184,0.62,0.21,1.9,0.079,62.0,0.997,3.52,0.58,9.3,1
185,0.31,0.57,2.0,0.111,85.0,0.9971,3.26,0.53,9.7,0
186,0.39,0.48,2.0,0.0819999999999999,67.0,0.9972,3.34,0.55,9.2,0
187,0.705,0.1,2.6,0.084,26.0,0.9976,3.39,0.49,9.7,0
191,0.37,0.25,1.9,0.074,49.0,0.9974,3.57,0.62,9.8,1
193,0.55,0.21,2.2,0.071,28.0,0.9964,3.28,0.55,9.7,0
195,0.59,0.33,2.0,0.074,120.0,0.9968,3.25,0.54,9.4,0
196,0.58,0.3,2.4,0.074,55.0,0.9968,3.46,0.59,10.2,0
197,0.3,0.6,2.0,0.067,27.0,0.9981,3.11,0.97,10.1,1
198,0.835,0.08,1.2,0.046,93.0,0.9924,3.57,0.85,13.0,1
200,0.32,0.47,1.4,0.0559999999999999,24.0,0.99695,3.22,0.82,10.3,1
202,0.5,0.11,1.5,0.075,49.0,0.99545,3.36,0.79,9.5,0
203,0.42,0.35,1.6,0.088,39.0,0.9961,3.34,0.55,9.2,0
204,0.43,0.36,1.6,0.089,37.0,0.99615,3.34,0.56,9.2,1
205,0.3,0.74,2.6,0.095,28.0,0.9994,3.2,0.77,10.8,1
207,0.57,0.31,1.8,0.069,120.0,0.99625,3.29,0.53,9.3,0
208,0.44,0.28,2.7,0.1,95.0,0.9966,3.22,0.67,9.4,0
209,0.3,0.58,2.1,0.054,19.0,0.998,3.31,0.88,10.5,1
210,0.53,0.6,2.0,0.039,19.0,0.99585,3.3,0.86,12.4,1
211,0.725,0.24,2.8,0.083,62.0,0.99685,3.35,0.56,10.0,1
212,0.44,0.64,2.1,0.059,15.0,0.998,3.21,0.67,10.2,1
213,0.57,0.26,2.2,0.06,65.0,0.9959,3.3,0.43,10.1,0
214,0.735,0.08,2.4,0.092,41.0,0.9974,3.24,0.71,9.8,1
216,0.625,0.16,2.0,0.1009999999999999,49.0,0.9962,3.14,0.57,11.0,0
217,0.725,0.22,2.2,0.072,41.0,0.9967,3.36,0.55,9.1,0
218,0.49,0.19,1.9,0.076,44.0,0.9957,3.39,0.54,9.7,0
220,0.34,0.37,2.0,0.0819999999999999,58.0,0.9964,3.34,0.59,9.4,1
221,0.53,0.26,2.0,0.1009999999999999,72.0,0.9957,3.15,0.57,9.4,0
222,0.61,0.04,1.5,0.057,10.0,0.99525,3.42,0.6,9.5,0
223,0.645,0.25,2.0,0.083,28.0,0.99815,3.28,0.6,10.0,1
224,0.635,0.36,2.0,0.089,55.0,0.99745,3.31,0.57,10.4,0
225,0.43,0.25,2.6,0.073,63.0,0.99615,3.37,0.58,10.5,1
227,0.82,0.14,2.6,0.089,23.0,0.9984,3.39,0.63,9.8,0
229,0.52,0.25,2.6,0.081,37.0,0.99685,3.46,0.5,11.0,0
230,0.48,0.04,1.6,0.054,106.0,0.9927,3.54,0.62,12.2,1
231,0.38,0.06,1.8,0.078,49.0,0.99625,3.37,0.52,9.9,1
232,0.37,0.2,2.8,0.09,58.0,0.998,3.34,0.7,9.6,1
234,1.0,0.09,2.3,0.065,37.0,0.99685,3.32,0.55,9.0,1
235,0.63,0.0,1.9,0.0969999999999999,38.0,0.99675,3.37,0.58,9.0,1
237,0.645,0.0,1.9,0.0969999999999999,39.0,0.99675,3.37,0.58,9.2,1
241,0.38,0.56,2.1,0.093,24.0,0.99925,3.14,0.71,10.9,1
242,0.58,0.1,1.8,0.102,109.0,0.99565,3.08,0.49,9.8,1
243,0.21,0.44,2.2,0.075,24.0,1.00005,3.07,0.84,9.2,1
245,0.66,0.0,2.0,0.084,23.0,0.9983,3.61,0.96,9.9,1
246,0.68,0.07,1.9,0.075,51.0,0.99685,3.38,0.52,9.5,0
247,0.6,0.17,2.3,0.072,73.0,0.9963,3.2,0.45,9.3,0
248,0.53,0.06,1.7,0.074,39.0,0.99615,3.35,0.48,9.8,1
250,0.32,0.44,1.6,0.063,37.0,0.9985,3.22,0.78,10.0,1
251,0.6,0.0,1.8,0.074,34.0,0.9972,3.47,0.7,9.9,1
252,0.35,0.48,3.1,0.09,21.0,0.9986,3.17,0.53,10.5,0
253,0.775,0.42,1.9,0.092,86.0,0.9959,3.23,0.59,9.5,0
255,0.57,0.23,3.2,0.073,119.0,0.99675,3.26,0.57,9.3,0
256,0.34,0.37,2.2,0.075,13.0,0.998,3.22,0.62,9.2,0
257,0.695,0.0,2.1,0.075,56.0,0.9968,3.49,0.67,9.2,0
259,0.31,0.47,2.6,0.085,33.0,0.99965,3.36,0.8,10.5,1
260,0.33,0.23,1.7,0.077,45.0,0.99625,3.29,0.65,9.3,0
261,0.975,0.04,2.0,0.087,67.0,0.99565,3.35,0.6,9.4,0
262,0.52,0.03,1.7,0.07,35.0,0.99575,3.34,0.57,10.0,0
263,0.37,0.23,1.8,0.077,49.0,0.9963,3.28,0.67,9.3,0
264,0.56,0.49,2.4,0.064,27.0,0.9999,3.08,0.87,10.9,0
265,0.26,0.52,1.8,0.071,10.0,0.9968,3.2,0.72,10.2,1
266,0.87,0.0,3.3,0.096,61.0,1.00025,3.6,0.72,9.8,0
267,0.35,0.46,3.6,0.078,37.0,0.9973,3.35,0.86,12.8,1
273,0.715,0.2,2.4,0.076,38.0,0.99735,3.31,0.64,9.4,0
280,0.26,0.44,3.6,0.071,19.0,0.9986,3.12,0.82,9.3,1
282,0.52,0.12,3.0,0.067,53.0,0.9971,3.36,0.57,9.1,0
284,0.59,0.07,3.4,0.102,71.0,1.00015,3.31,0.71,9.8,0
286,0.45,0.55,2.0,0.073,49.0,0.9997,3.1,0.76,10.3,1
287,0.4,0.12,3.0,0.092,53.0,0.9967,3.37,0.7,10.3,1
288,0.52,0.09,2.5,0.091,49.0,0.9976,3.34,0.86,10.6,1
289,0.42,0.53,3.3,0.105,98.0,1.001,3.2,0.95,9.2,0
292,0.55,0.23,2.7,0.091,48.0,0.9994,3.22,0.64,10.3,1
293,0.36,0.25,2.4,0.098,16.0,0.9964,3.41,0.6,10.1,1
295,0.5,0.46,2.5,0.073,27.0,1.0001,3.05,0.64,9.5,0
296,0.83,0.37,2.6,0.086,70.0,0.9981,3.16,0.52,9.9,0
297,0.63,0.06,2.0,0.083,29.0,0.99855,3.67,0.73,9.6,0
298,0.65,0.02,2.3,0.094,31.0,0.9993,3.67,0.8,9.7,0
299,0.67,0.06,2.1,0.08,33.0,0.99845,3.68,0.71,9.6,0
300,0.53,0.06,2.6,0.086,44.0,0.9965,3.38,0.59,10.7,1
301,0.18,0.48,1.5,0.068,15.0,0.9973,3.22,0.64,10.1,1
302,0.705,0.12,2.6,0.092,28.0,0.9994,3.51,0.72,10.0,0
304,0.65,0.6,2.1,0.1119999999999999,90.0,0.9973,3.2,0.52,9.2,0
305,0.53,0.48,2.5,0.063,25.0,0.9998,3.12,0.59,9.3,1
306,0.62,0.32,2.2,0.0819999999999999,54.0,0.9966,3.36,0.52,9.4,0
309,0.29,0.38,1.7,0.062,30.0,0.9968,3.41,0.53,9.5,1
311,0.53,0.24,2.0,0.072,105.0,0.996,3.27,0.54,9.4,1
312,0.46,0.31,2.8,0.093,98.0,0.99815,3.32,0.63,9.5,1
314,0.36,0.29,2.6,0.087,72.0,0.99645,3.39,0.68,11.0,0
315,0.35,0.29,2.5,0.096,53.0,0.9962,3.42,0.65,11.0,1
316,0.56,0.23,3.4,0.102,92.0,0.9996,3.3,0.65,10.1,0
317,0.77,0.12,2.9,0.0819999999999999,74.0,0.99865,3.3,0.64,10.4,1
318,0.66,0.39,3.2,0.083,59.0,0.9989,3.37,0.71,11.5,1
321,0.61,0.26,3.4,0.09,87.0,0.99975,3.24,0.62,9.7,0
322,0.62,0.05,2.3,0.079,18.0,0.99735,3.29,0.63,9.3,0
323,0.59,0.42,2.8,0.09,73.0,0.999,3.28,0.7,9.5,1
326,0.53,0.66,3.65,0.121,14.0,0.9978,3.05,0.74,11.5,1
328,0.27,0.62,2.6,0.0819999999999999,21.0,1.0002,3.16,0.67,9.7,1
329,0.46,0.39,2.0,0.061,15.0,0.9981,3.18,0.62,9.5,0
330,0.36,0.64,2.9,0.122,41.0,0.998,3.23,0.66,12.5,1
332,0.58,0.28,3.2,0.066,114.0,0.9973,3.22,0.54,9.4,1
333,0.56,0.08,2.1,0.105,44.0,0.9958,3.13,0.52,11.0,0
334,0.65,0.01,2.5,0.078,38.0,0.9963,3.34,0.74,11.7,1
336,0.43,0.45,1.9,0.052,16.0,0.9948,3.35,0.7,12.5,1
337,0.43,0.32,2.8,0.08,58.0,0.9974,3.31,0.64,10.3,0
341,0.42,0.48,2.7,0.065,18.0,0.9972,3.21,0.87,11.3,1
342,0.39,0.47,1.8,0.118,14.0,0.9982,3.3,0.75,9.8,1
344,0.57,0.5,2.6,0.0819999999999999,32.0,1.0006,3.12,0.78,10.7,1
345,0.685,0.0,1.9,0.067,63.0,0.9979,3.6,0.81,9.9,0
346,0.815,0.02,2.7,0.072,34.0,0.9955,3.58,0.89,12.3,1
347,0.49,0.67,3.0,0.093,15.0,0.9986,3.02,0.93,12.0,1
348,0.56,0.31,2.8,0.089,46.0,0.9979,3.11,0.92,10.0,1
349,0.785,0.0,2.6,0.093,28.0,0.9994,3.36,0.86,9.4,1
350,0.67,0.22,2.7,0.107,34.0,1.0004,3.28,0.98,9.9,1
351,0.795,0.0,2.6,0.096,26.0,0.9994,3.35,0.83,9.4,1
352,0.665,0.0,2.4,0.09,19.0,0.9974,3.27,0.73,9.3,0
355,0.75,0.01,2.4,0.078,32.0,0.9955,3.55,0.61,12.8,1
356,0.41,0.52,3.0,0.08,55.0,1.0001,3.26,0.88,11.0,0
357,0.42,0.66,2.95,0.1159999999999999,29.0,0.997,3.24,0.75,11.7,1
358,0.43,0.66,3.1,0.109,23.0,1.0,3.15,0.85,10.4,1
359,0.38,0.66,2.6,0.088,41.0,1.001,3.17,0.68,9.8,1
360,0.7,0.23,2.0,0.099,81.0,0.9973,3.19,0.7,9.4,0
361,0.45,0.31,2.6,0.086,50.0,0.9982,3.37,0.91,9.9,1
362,0.58,0.66,2.5,0.072,37.0,0.9992,3.05,0.56,10.0,0
363,0.46,0.63,2.0,0.071,15.0,0.9988,2.99,0.87,10.2,0
365,0.42,0.5,3.4,0.107,21.0,0.9979,3.26,0.93,11.8,1
367,0.575,0.61,2.6,0.076,24.0,1.0,3.16,0.69,9.0,0
370,0.765,0.02,2.3,0.063,63.0,0.9975,3.57,0.78,9.9,0
371,0.24,0.4,1.6,0.0559999999999999,25.0,0.9967,3.32,0.87,8.7,1
373,0.55,0.22,2.2,0.106,72.0,0.9959,3.05,0.63,9.2,0
379,0.42,0.38,2.5,0.094,60.0,0.9979,3.31,0.7,10.8,1
380,0.26,0.42,2.0,0.08,27.0,0.9974,3.21,0.8,9.4,1
384,0.51,0.28,2.1,0.087,54.0,0.998,3.42,0.74,9.2,0
385,0.63,0.07,2.4,0.09,37.0,0.9979,3.43,0.76,9.7,1
386,0.54,0.26,2.0,0.088,48.0,0.9981,3.41,0.74,9.2,1
387,0.66,0.15,1.9,0.079,42.0,0.9972,3.31,0.54,9.6,1
388,0.46,0.26,1.9,0.088,53.0,0.9981,3.43,0.74,9.2,1
389,0.38,0.31,2.5,0.096,49.0,0.9982,3.19,0.7,10.0,1
390,0.85,0.05,1.4,0.045,88.0,0.9924,3.56,0.82,12.9,1
392,0.37,0.52,2.0,0.0819999999999999,26.0,0.998,3.18,0.51,9.5,0
393,0.665,0.61,2.0,0.1119999999999999,95.0,0.997,3.16,0.54,9.1,0
394,0.6,0.65,2.3,0.063,25.0,0.9997,3.03,0.57,9.9,0
397,0.59,0.59,2.6,0.087,49.0,0.9988,3.18,0.65,11.0,1
399,0.765,0.22,2.3,0.064,42.0,0.9963,3.1,0.55,9.4,0
401,0.26,0.3,1.7,0.059,38.0,0.9949,3.29,0.47,10.8,1
402,0.48,0.54,2.6,0.085,64.0,1.0,3.1,0.61,10.5,1
403,0.6,0.49,2.7,0.085,41.0,0.9994,3.15,0.63,10.5,1
404,0.69,0.05,2.7,0.075,27.0,0.9974,3.26,0.61,9.1,0
405,0.31,0.46,1.4,0.059,25.0,0.9966,3.36,0.76,10.1,1
406,0.44,0.47,2.5,0.063,28.0,0.9981,3.24,0.65,10.8,1
407,0.39,0.66,3.0,0.093,30.0,0.9996,3.18,0.63,10.8,1
410,0.43,0.34,2.5,0.08,86.0,0.9987,3.38,0.62,9.5,1
411,0.45,0.35,2.4,0.08,78.0,0.9987,3.38,0.62,9.5,0
412,0.735,0.16,1.9,0.1,77.0,0.9966,3.27,0.64,9.3,0
414,0.52,0.34,2.7,0.087,122.0,0.9982,3.26,0.61,9.5,0
416,0.48,0.64,2.2,0.111,20.0,0.997,3.26,0.66,11.7,1
417,0.58,0.12,1.9,0.091,124.0,0.9956,3.44,0.48,10.5,0
418,0.38,0.51,2.0,0.121,20.0,0.9996,3.24,0.76,10.4,1
419,0.77,0.0,1.8,0.066,52.0,0.9976,3.62,0.68,9.9,0
420,0.56,0.33,2.4,0.089,67.0,0.9972,3.28,0.73,11.8,1
421,0.84,0.03,2.3,0.059,48.0,0.9952,3.52,0.56,12.3,1
422,0.96,0.2,2.0,0.047,60.0,0.9955,3.36,0.44,10.9,0
423,0.24,0.47,2.1,0.066,24.0,0.9978,3.15,0.9,11.0,1
426,0.67,0.08,2.1,0.045,48.0,0.9949,3.49,0.49,11.4,1
427,0.78,0.22,1.9,0.077,32.0,0.9988,3.26,0.56,10.6,1
428,0.52,0.33,1.3,0.07,30.0,0.9978,3.24,0.6,9.3,0
429,0.84,0.63,2.4,0.088,35.0,0.9997,3.1,0.6,10.4,1
431,0.55,0.35,2.2,0.074,66.0,0.9974,3.25,0.56,9.2,0
432,0.37,0.69,2.3,0.078,24.0,0.9958,3.0,0.65,12.8,1
433,0.39,0.63,2.3,0.091,18.0,1.0004,3.16,0.49,9.5,0
434,0.41,0.55,3.2,0.076,54.0,0.9996,3.15,0.89,9.9,1
436,0.67,0.3,2.0,0.06,62.0,0.9958,3.26,0.56,10.2,1
437,0.45,0.73,3.2,0.066,22.0,0.9986,3.17,0.66,11.2,1
439,0.62,0.18,1.5,0.062,50.0,0.9951,3.08,0.6,9.3,0
441,0.4,0.65,2.15,0.068,27.0,0.9988,3.06,0.68,11.3,1
443,0.44,0.49,2.7,0.077,19.0,0.9963,3.23,0.63,11.6,1
444,0.57,0.01,1.7,0.054,27.0,0.9934,3.57,0.84,12.5,1
445,0.735,0.1,2.1,0.079,31.0,0.9986,3.23,0.56,10.1,1
446,0.38,0.6,2.6,0.081,72.0,0.9996,3.1,0.73,10.5,0
448,0.53,0.22,2.0,0.1,27.0,0.9967,3.2,0.56,10.2,1
449,0.39,0.69,2.8,0.095,35.0,0.9994,3.1,0.61,10.8,1
452,0.56,0.03,1.7,0.084,35.0,0.9968,3.44,0.63,10.0,1
453,0.33,0.63,2.8,0.084,22.0,0.9998,3.26,0.74,11.2,1
454,0.23,0.4,1.6,0.063,67.0,0.9952,3.5,0.63,11.1,0
456,0.59,0.39,2.3,0.095,22.0,0.9986,3.37,0.58,10.3,0
457,0.63,0.21,2.7,0.0969999999999999,65.0,0.9988,3.28,0.58,9.6,0
459,0.58,0.66,2.2,0.074,47.0,1.0008,3.25,0.57,9.0,0
460,0.43,0.52,2.3,0.083,23.0,0.9976,3.35,0.61,11.3,1
461,0.615,0.22,2.6,0.087,19.0,0.9982,3.26,0.61,9.3,0
462,0.26,0.68,2.55,0.085,25.0,0.997,3.18,0.61,11.8,0
464,0.315,0.54,2.1,0.084,15.0,0.9987,2.98,0.7,9.2,1
465,0.29,0.4,2.9,0.098,26.0,1.0006,3.48,0.91,9.7,0
466,0.5,0.42,2.0,0.069,51.0,0.9982,3.16,0.72,11.5,1
468,0.36,0.69,2.1,0.09,21.0,1.0,3.17,0.62,9.2,1
469,0.82,0.02,1.2,0.07,48.0,0.9952,3.2,0.58,9.8,0
470,0.32,0.65,2.6,0.093,47.0,0.9996,3.05,0.61,10.6,0
471,0.54,0.42,2.4,0.081,52.0,0.997,3.2,0.71,11.4,1
472,0.37,0.55,2.6,0.083,68.0,0.9995,3.15,0.82,10.4,1
473,0.35,0.55,2.1,0.062,14.0,0.9971,3.26,0.79,10.6,0
474,0.28,0.51,1.7,0.08,24.0,0.9982,3.2,0.89,9.4,1
475,0.68,0.24,2.2,0.087,28.0,0.9988,3.14,0.6,10.2,0
476,0.27,0.41,2.0,0.091,16.0,0.998,3.28,0.7,9.7,0
479,0.685,0.11,2.7,0.077,31.0,0.9984,3.19,0.7,10.1,1
481,0.3,0.56,2.8,0.08,17.0,0.9964,3.15,0.92,11.7,1
485,0.67,0.39,1.9,0.054,17.0,0.9976,3.17,0.47,10.0,0
487,0.645,0.36,1.8,0.053,14.0,0.9982,3.17,0.42,10.0,1
488,0.32,0.55,2.8,0.081,67.0,1.0002,3.32,0.92,10.8,1
489,0.39,0.4,2.6,0.073,26.0,0.9984,3.34,0.75,10.2,1
490,0.775,0.27,2.8,0.078,56.0,0.9984,3.31,0.67,10.6,1
491,0.41,0.5,2.5,0.055,25.0,0.9952,3.34,0.79,13.3,1
492,0.4,0.51,2.6,0.052,27.0,0.995,3.32,0.9,13.4,1
493,0.69,0.31,3.0,0.086,81.0,1.0002,3.48,0.74,11.6,1
495,0.35,0.53,2.6,0.07,16.0,0.9972,3.15,0.65,11.0,1
496,0.52,0.25,1.9,0.081,38.0,0.9984,3.43,0.65,9.0,1
497,0.34,0.32,2.5,0.09,113.0,0.9966,3.32,0.79,11.1,0
505,0.49,0.63,2.9,0.072,26.0,0.9968,3.16,0.78,12.5,1
507,0.67,0.55,2.3,0.084,13.0,1.0,3.17,0.71,9.5,1
508,0.59,0.31,2.2,0.09,62.0,0.9994,3.18,0.63,10.2,1
509,0.29,0.75,2.8,0.084,43.0,0.9986,3.04,0.68,11.4,1
513,0.51,0.64,2.4,0.107,15.0,0.9973,3.09,0.66,11.8,1
518,0.21,0.49,2.8,0.088,32.0,0.9972,3.22,0.68,11.7,1
519,0.365,0.49,2.5,0.088,106.0,0.9966,3.36,0.78,11.0,0
520,0.25,0.49,2.7,0.088,33.0,0.9982,3.42,0.9,10.0,1
521,0.41,0.49,2.0,0.088,43.0,0.998,3.48,0.64,9.1,0
524,0.43,0.49,2.4,0.086,116.0,0.9976,3.23,0.64,9.5,0
525,0.64,0.24,2.8,0.105,53.0,0.9998,3.24,0.67,9.9,0
527,0.38,0.49,2.5,0.0969999999999999,85.0,0.9962,3.39,0.77,11.4,1
528,0.42,0.49,2.6,0.084,55.0,0.9988,3.34,0.75,8.7,1
529,0.63,0.24,2.4,0.077,33.0,0.9974,3.09,0.57,9.4,0
530,0.22,0.24,2.1,0.078,28.0,0.999,3.41,0.87,10.3,1
531,0.38,0.49,2.7,0.098,42.0,1.0004,3.16,0.61,10.3,0
533,0.27,0.24,2.1,0.072,33.0,0.9956,3.22,0.66,12.8,1
534,0.48,0.24,2.7,0.102,32.0,1.0,3.28,0.56,10.0,1
537,0.825,0.24,2.1,0.084,13.0,0.9972,3.37,0.77,10.7,1
540,0.59,0.24,3.3,0.1009999999999999,47.0,0.9988,3.26,0.67,9.6,0
542,0.715,0.24,2.1,0.07,20.0,0.9966,3.12,0.59,9.9,0
543,0.66,0.24,2.5,0.085,53.0,0.9993,3.06,0.72,11.0,1
545,0.47,0.49,2.6,0.094,106.0,0.9982,3.08,0.59,9.1,0
546,0.55,0.24,2.0,0.078,28.0,0.9983,3.45,0.78,9.5,1
547,0.31,0.49,2.5,0.067,21.0,0.9987,3.26,0.86,10.7,1
548,0.35,0.49,2.6,0.079,69.0,0.9994,3.12,0.75,10.4,1
550,0.51,0.01,2.1,0.074,25.0,0.9958,3.33,0.56,9.5,1
551,0.43,0.24,2.8,0.092,45.0,0.998,3.19,0.73,10.0,1
552,0.46,0.24,2.7,0.092,44.0,0.998,3.12,0.74,10.0,1
560,0.6,0.49,2.8,0.075,19.0,0.9994,3.14,0.57,11.4,0
561,0.44,0.49,2.4,0.078,121.0,0.9978,3.23,0.58,9.2,0
562,0.54,0.49,2.9,0.094,110.0,0.9982,3.08,0.61,9.2,0
563,0.29,0.49,2.7,0.092,60.0,0.9971,3.31,0.61,10.1,1
569,0.36,0.24,2.2,0.095,42.0,0.9946,3.57,0.57,11.7,1
570,0.35,0.49,3.3,0.07,37.0,1.0003,3.32,0.91,11.0,1
572,0.24,0.49,2.4,0.075,28.0,0.9978,3.14,0.61,10.4,0
573,0.59,0.49,2.1,0.07,47.0,0.9991,3.3,0.56,9.6,0
574,0.34,0.49,3.2,0.078,78.0,0.9992,3.19,0.7,10.0,1
575,0.27,0.49,3.1,0.079,46.0,0.9993,3.2,0.8,10.2,1
576,0.5,0.24,2.3,0.103,14.0,0.9978,3.34,0.52,10.0,0
577,0.44,0.49,2.8,0.083,111.0,0.9982,3.3,0.6,9.5,0
578,0.47,0.49,2.9,0.085,110.0,0.9982,3.29,0.6,9.8,0
579,0.31,0.49,2.2,0.063,40.0,0.9976,3.14,0.51,9.8,1
580,0.5,0.49,2.2,0.089,14.0,1.0002,3.19,0.44,9.6,0
582,0.49,0.49,2.2,0.083,15.0,1.0,3.19,0.43,9.2,0
583,0.28,0.49,1.9,0.074,21.0,0.9976,2.98,0.66,9.9,1
584,0.33,0.49,3.4,0.093,80.0,1.0002,3.3,0.76,10.7,1
585,0.51,0.24,2.4,0.091,38.0,0.998,3.47,0.66,9.6,1
587,0.73,0.24,1.9,0.108,102.0,0.9967,3.26,0.59,9.3,0
589,0.29,0.49,2.6,0.059,13.0,0.9976,3.05,0.74,10.5,1
590,0.45,0.49,2.6,0.084,75.0,0.9987,3.35,0.57,9.7,0
593,0.49,0.58,3.5,0.094,43.0,1.0004,3.29,0.58,9.0,0
594,0.72,0.17,2.6,0.096,38.0,0.9978,3.4,0.53,9.5,0
596,0.4,0.51,2.0,0.059,24.0,0.9994,3.04,0.6,9.3,1
597,0.58,0.58,1.9,0.071,18.0,0.998,3.09,0.63,10.0,1
598,0.585,0.18,2.1,0.078,30.0,0.9967,3.2,0.48,9.8,1
599,0.59,0.45,2.3,0.0819999999999999,22.0,1.0,3.0,0.7,9.3,1
600,0.915,0.27,2.1,0.088,23.0,0.9962,3.26,0.47,10.0,0
601,0.46,0.52,2.2,0.071,35.0,1.0006,3.1,0.56,9.0,1
602,0.835,0.0,2.6,0.081,14.0,0.9975,3.3,0.52,9.3,0
604,0.58,0.13,2.9,0.096,63.0,0.9984,3.17,0.62,9.1,1
605,0.6,0.13,2.6,0.085,24.0,0.9984,3.31,0.59,9.2,1
607,0.48,0.41,3.3,0.092,52.0,0.9982,3.31,0.53,10.5,1
609,0.36,0.19,3.2,0.075,39.0,0.9956,3.56,0.52,12.7,1
610,0.24,0.54,2.5,0.083,57.0,0.9983,3.39,0.54,9.2,0
611,0.38,0.55,2.7,0.081,16.0,1.0006,2.98,0.54,9.4,0
612,0.64,0.0,2.4,0.077,29.0,0.9965,3.32,0.6,10.0,1
613,0.39,0.38,1.5,0.0579999999999999,29.0,0.9962,3.26,0.74,9.8,0
615,0.6,0.5,2.3,0.079,71.0,0.9997,3.5,0.57,9.7,0
617,0.31,0.51,2.2,0.079,28.0,0.9982,3.03,0.93,9.8,1
618,0.46,0.5,2.7,0.122,17.0,1.0006,3.13,0.7,10.2,0
619,0.37,0.41,2.3,0.088,16.0,0.9988,3.09,0.8,9.3,0
620,0.54,0.24,3.4,0.076,112.0,0.9976,3.27,0.61,9.4,0
621,0.56,0.23,3.4,0.078,104.0,0.9976,3.28,0.62,9.4,0
622,0.58,0.22,1.9,0.08,32.0,0.9974,3.13,0.55,9.5,0
623,0.51,0.25,2.9,0.077,45.0,0.9974,3.49,0.96,12.1,1
626,0.6,0.29,2.2,0.098,15.0,0.9988,3.36,0.49,9.1,0
628,0.54,0.26,2.5,0.0969999999999999,31.0,0.9976,3.27,0.6,9.3,1
629,0.685,0.23,2.3,0.111,84.0,0.9964,3.21,0.61,9.3,0
631,0.28,0.54,2.7,0.105,19.0,0.9988,3.25,0.63,9.5,0
632,0.41,0.14,3.0,0.087,43.0,0.9964,3.32,0.57,10.5,1
633,0.935,0.22,3.4,0.105,86.0,1.001,3.43,0.64,11.3,0
634,0.35,0.21,1.9,0.073,102.0,0.9964,3.27,0.58,9.5,0
635,0.84,0.0,1.4,0.065,33.0,0.9954,3.27,0.55,9.7,0
640,0.54,0.45,2.3,0.071,40.0,0.9991,3.39,0.62,9.4,0
641,0.59,0.44,2.3,0.071,68.0,0.9992,3.46,0.63,9.5,0
646,0.67,0.05,3.6,0.107,20.0,0.9972,3.4,0.63,10.1,0
647,0.845,0.01,2.2,0.07,14.0,0.9967,3.32,0.58,11.0,0
648,0.48,0.3,2.8,0.066,28.0,0.9964,3.33,0.67,11.2,1
653,0.33,0.59,2.8,0.079,30.0,0.9976,3.12,0.54,12.0,1
654,0.47,0.47,2.4,0.074,29.0,0.9979,3.08,0.46,9.5,0
655,0.55,0.17,2.9,0.087,53.0,1.0004,3.14,0.61,9.4,0
658,0.52,0.07,1.4,0.074,20.0,0.9973,3.32,0.81,9.6,1
661,0.42,0.31,1.6,0.08,42.0,0.9978,3.31,0.64,9.0,0
662,0.57,0.06,1.6,0.076,27.0,0.9972,3.36,0.7,9.6,1
663,0.28,0.46,1.8,0.05,13.0,0.9974,3.04,0.79,10.2,1
664,0.4,0.52,2.0,0.092,54.0,1.0,3.03,0.66,10.2,0
665,0.59,0.14,2.0,0.084,48.0,0.9981,3.14,0.56,9.7,0
667,0.34,0.45,2.0,0.0819999999999999,15.0,0.9988,2.94,0.66,9.2,1
668,0.73,0.43,2.3,0.059,31.0,0.9966,3.15,0.57,11.0,0
670,0.4,0.24,2.5,0.083,45.0,0.9959,3.26,0.58,10.0,0
671,0.73,0.21,1.7,0.074,13.0,0.9968,3.2,0.52,9.5,0
674,0.4,0.41,2.2,0.084,17.0,0.9984,3.08,0.67,9.3,1
675,0.41,0.39,2.2,0.064,31.0,0.9984,3.26,0.65,10.2,0
677,0.8,0.11,2.3,0.084,31.0,0.9979,3.4,0.48,9.9,0
678,0.78,0.1,2.6,0.081,87.0,0.9983,3.48,0.53,10.0,0
679,0.26,0.45,3.3,0.06,49.0,0.9972,3.13,0.54,9.6,0
680,0.43,0.58,1.9,0.07,40.0,1.0004,3.06,0.49,9.0,0
681,0.45,0.23,2.2,0.094,29.0,0.9962,3.21,0.49,10.2,1
682,0.46,0.31,2.25,0.078,58.0,0.998,3.33,0.54,9.8,0
683,0.78,0.23,2.6,0.059,15.0,0.997,3.37,0.56,11.3,0
686,0.65,0.18,1.8,0.07,40.0,0.997,3.44,0.6,9.1,0
687,0.64,0.23,3.1,0.095,38.0,0.9998,3.28,0.59,9.7,0
688,0.66,0.04,1.6,0.039,9.0,0.9962,3.4,0.47,9.4,0
691,0.92,0.24,2.6,0.087,93.0,0.9998,3.48,0.54,9.8,0
693,0.48,0.32,2.8,0.084,122.0,0.9984,3.32,0.62,9.4,0
696,0.65,0.02,2.1,0.066,25.0,0.9972,3.47,0.67,9.5,1
698,0.615,0.28,3.2,0.087,72.0,1.0001,3.31,0.53,9.7,0
699,0.38,0.55,2.1,0.071,19.0,0.9986,3.11,0.62,10.8,1
702,0.64,0.02,2.1,0.067,23.0,0.997,3.47,0.67,9.4,1
703,0.38,0.48,2.6,0.073,84.0,0.9972,3.32,0.7,9.6,0
704,0.765,0.04,1.6,0.078,14.0,0.998,3.29,0.54,9.7,0
706,0.78,0.08,2.0,0.093,19.0,0.9956,3.4,0.47,10.0,0
707,0.49,0.19,3.0,0.077,37.0,0.9966,3.37,0.51,10.5,0
708,0.545,0.12,2.5,0.068,35.0,0.996,3.34,0.61,11.6,1
709,0.31,0.47,1.6,0.062,33.0,0.9983,3.27,0.66,10.0,1
711,0.565,0.34,3.0,0.093,112.0,0.9998,3.38,0.61,9.5,0
712,0.69,0.0,3.2,0.084,33.0,0.9992,3.36,0.45,9.4,0
713,0.43,0.36,2.3,0.075,48.0,0.9976,3.34,0.46,9.4,0
714,0.74,0.28,2.6,0.078,77.0,0.998,3.28,0.51,9.8,0
715,0.49,0.18,2.7,0.069,34.0,0.9967,3.29,0.48,9.2,1
717,0.46,0.11,2.6,0.079,49.0,0.9968,3.21,0.57,10.0,0
718,0.56,0.04,2.0,0.0819999999999999,22.0,0.9976,3.22,0.44,9.6,0
721,0.48,0.24,2.85,0.094,106.0,0.9982,3.1,0.53,9.2,0
722,0.42,0.08,2.7,0.084,48.0,0.9968,3.21,0.59,10.0,0
725,0.66,0.17,3.0,0.077,13.0,0.9976,3.29,0.55,10.4,0
726,0.72,0.09,2.8,0.084,49.0,0.9994,3.43,0.72,11.1,1
727,0.57,0.02,1.8,0.067,11.0,0.997,3.46,0.68,9.5,0
729,0.865,0.03,3.2,0.071,58.0,0.995,3.61,0.49,12.7,1
731,0.875,0.13,3.45,0.088,14.0,0.9994,3.44,0.52,11.5,0
732,0.835,0.03,2.1,0.092,19.0,0.9966,3.39,0.47,9.6,0
733,0.45,0.34,2.7,0.0819999999999999,72.0,0.998,3.55,0.6,9.5,0
734,0.56,0.2,2.0,0.075,39.0,0.9987,3.48,0.62,9.3,0
735,0.965,0.1,2.1,0.1119999999999999,22.0,0.9963,3.26,0.5,9.5,0
737,0.59,0.0,2.5,0.093,58.0,1.0002,3.5,0.65,9.3,1
738,0.46,0.23,2.8,0.092,104.0,0.9983,3.1,0.56,9.2,0
739,0.69,0.0,2.4,0.088,38.0,0.999,3.35,0.6,9.3,0
742,0.615,0.0,1.9,0.065,18.0,0.9972,3.46,0.65,9.2,0
743,0.41,0.58,2.8,0.096,101.0,1.00024,3.13,0.53,10.0,0
744,0.39,0.54,2.7,0.095,101.0,1.0001,3.13,0.51,9.5,0
745,0.51,0.18,2.1,0.07,28.0,0.99768,3.52,0.73,9.5,1
746,0.34,0.38,2.5,0.08,57.0,0.9978,3.3,0.47,9.0,1
747,0.33,0.4,2.6,0.083,68.0,0.99782,3.3,0.48,9.4,0
748,0.5,0.18,2.1,0.071,31.0,0.99761,3.52,0.72,9.6,1
750,0.65,0.1,2.9,0.089,40.0,0.99803,3.29,0.55,9.5,0
752,0.54,0.13,2.5,0.0969999999999999,66.0,0.99785,3.39,0.61,9.4,0
755,0.91,0.07,1.9,0.0579999999999999,47.0,0.99525,3.51,0.43,10.7,1
756,0.98,0.01,2.0,0.057,33.0,0.99488,3.6,0.46,11.2,1
757,0.87,0.0,2.2,0.084,31.0,0.99656,3.25,0.5,9.8,0
759,0.42,0.21,2.5,0.092,88.0,0.99823,3.19,0.52,9.2,0
760,0.58,0.25,2.8,0.075,104.0,0.99779,3.23,0.57,9.7,0
761,0.655,0.26,2.0,0.096,35.0,0.99738,3.25,0.42,9.6,0
762,0.7,0.0,1.7,0.069,19.0,0.99701,3.31,0.53,10.0,1
764,0.68,0.11,2.8,0.093,44.0,0.99888,3.31,0.55,9.5,1
765,0.67,0.1,3.0,0.091,48.0,0.99888,3.31,0.54,9.5,1
766,0.59,0.18,2.9,0.089,74.0,0.99738,3.14,0.54,9.4,0
767,0.6,0.32,2.7,0.103,98.0,0.99938,3.45,0.62,9.5,0
768,0.59,0.02,2.3,0.0819999999999999,94.0,0.99744,3.55,0.53,9.7,1
769,0.72,0.01,1.9,0.076,32.0,0.99668,3.39,0.54,9.6,0
775,1.0,0.0,3.0,0.102,16.0,0.99586,3.43,0.46,10.0,0
778,0.43,0.3,3.4,0.079,34.0,0.99788,3.36,0.61,10.5,0
779,0.52,0.03,2.6,0.076,92.0,0.99745,3.5,0.6,9.8,0
781,0.46,0.14,2.4,0.114,37.0,0.99732,3.66,0.65,9.8,0
782,0.82,0.05,2.4,0.081,96.0,0.99814,3.36,0.53,10.0,0
784,0.59,0.01,2.5,0.077,85.0,0.99746,3.55,0.59,9.8,0
785,0.35,0.41,2.3,0.083,61.0,0.9982,3.21,0.5,9.5,0
787,0.56,0.24,2.2,0.079,58.0,0.9991,3.18,0.56,10.1,1
789,0.63,0.17,2.9,0.099,119.0,0.998,3.09,0.52,9.3,0
790,0.37,0.43,2.6,0.0819999999999999,82.0,0.99708,3.33,0.68,9.7,1
792,0.61,0.02,2.5,0.081,87.0,0.99745,3.48,0.6,9.7,1
793,0.6,0.0,2.6,0.055,13.0,0.99639,3.38,0.56,10.8,0
794,0.27,0.54,2.3,0.065,26.0,0.99531,3.17,0.53,12.5,1
798,0.5,0.34,3.6,0.0819999999999999,14.0,0.9987,3.29,0.52,10.7,1
801,0.55,0.09,3.3,0.068,17.0,0.99735,3.23,0.44,10.0,0
802,0.585,0.0,1.7,0.044,86.0,0.99264,3.56,0.94,12.9,1
803,0.56,0.08,2.5,0.114,46.0,0.9971,3.24,0.66,9.6,1
804,0.52,0.22,2.7,0.084,18.0,0.99682,3.26,0.57,9.9,1
805,0.28,0.4,2.4,0.052,10.0,0.99356,3.33,0.7,12.8,1
806,0.25,0.39,2.0,0.0409999999999999,10.0,0.99386,3.27,0.71,12.5,1
809,0.48,0.31,2.8,0.07,15.0,0.99693,3.22,0.55,10.3,1
810,0.49,0.1,2.6,0.068,14.0,0.99562,3.3,0.47,10.5,0
811,0.5,0.55,2.8,0.072,24.0,1.00012,3.09,0.68,10.9,1
812,0.45,0.33,2.5,0.099,38.0,0.99818,3.24,0.71,10.8,0
813,0.39,0.24,2.1,0.102,7.0,0.99462,3.44,0.58,11.4,0
814,0.41,0.54,2.8,0.103,41.0,0.99939,3.21,0.76,11.3,1
816,0.51,0.19,3.2,0.081,30.0,0.9984,3.23,0.58,10.5,1
817,0.29,0.42,1.6,0.084,27.0,0.99545,3.28,0.73,11.9,1
818,0.715,0.0,2.35,0.071,47.0,0.99632,3.29,0.45,9.4,0
819,0.66,0.15,3.2,0.0969999999999999,59.0,0.99976,3.28,0.54,9.6,0
820,0.685,0.0,1.9,0.099,22.0,0.99606,3.34,0.6,9.7,0
822,0.54,0.13,2.0,0.076,36.0,0.9973,3.61,0.64,9.8,0
824,0.48,0.28,2.8,0.068,16.0,0.99682,3.24,0.53,10.3,0
825,0.46,0.14,2.8,0.076,37.0,0.99624,3.36,0.49,10.7,0
826,0.27,0.34,2.3,0.05,8.0,0.9951,3.4,0.64,11.0,1
828,0.57,0.09,2.3,0.065,45.0,0.99417,3.46,0.74,12.7,1
829,0.61,0.08,2.1,0.071,24.0,0.99376,3.56,0.77,11.1,1
830,0.685,0.07,2.5,0.0579999999999999,9.0,0.99632,3.38,0.55,10.9,0
834,0.685,0.26,1.6,0.088,23.0,0.99694,3.32,0.47,9.4,0
835,0.665,0.1,1.5,0.066,55.0,0.99655,3.39,0.51,9.3,0
838,0.31,0.35,1.6,0.075,28.0,0.99672,3.24,0.83,11.2,1
839,0.5,0.04,2.2,0.092,26.0,0.99647,3.46,0.47,10.0,0
840,0.42,0.47,2.65,0.085,34.0,0.99736,3.24,0.77,12.1,1
841,0.66,0.0,3.0,0.115,31.0,0.99629,3.45,0.63,10.3,0
842,0.5,0.45,2.6,0.119,68.0,0.99708,3.23,0.72,10.9,1
843,0.685,0.35,2.0,0.088,92.0,0.9963,3.28,0.62,9.4,0
844,0.25,0.46,1.7,0.062,42.0,0.9959,3.18,0.83,10.6,1
845,0.64,0.21,1.8,0.081,31.0,0.99689,3.59,0.66,9.8,0
847,0.68,0.16,1.8,0.078,39.0,0.9977,3.5,0.7,9.9,1
849,0.63,0.21,1.6,0.08,32.0,0.99689,3.58,0.66,9.8,0
850,0.43,0.44,1.9,0.085,22.0,0.99708,3.28,0.55,9.5,0
853,0.36,0.39,1.5,0.08,55.0,0.99652,3.47,0.73,10.9,1
855,0.735,0.02,2.5,0.071,14.0,0.99538,3.51,0.71,11.7,1
857,0.26,0.34,2.5,0.073,47.0,0.99594,3.4,0.78,11.3,1
858,0.28,0.47,1.7,0.054,32.0,0.99686,3.15,0.67,10.6,1
859,0.56,0.22,1.8,0.074,24.0,0.99438,3.4,0.82,11.2,1
860,0.62,0.06,2.7,0.077,85.0,0.99746,3.51,0.54,9.5,0
861,1.01,0.66,2.0,0.039,88.0,0.99357,3.66,0.6,11.5,1
862,0.42,0.32,2.7,0.067,25.0,0.99628,3.24,0.44,10.4,0
863,0.62,0.06,2.5,0.078,84.0,0.99746,3.51,0.53,9.7,0
865,0.635,0.07,2.6,0.077,86.0,0.99748,3.51,0.54,9.7,0
866,0.49,0.22,2.3,0.071,24.0,0.99438,3.41,0.83,11.3,1
867,0.51,0.23,2.0,0.072,22.0,0.99438,3.4,0.84,11.2,1
869,0.63,0.03,2.0,0.08,43.0,0.99578,3.44,0.64,10.9,1
870,0.715,0.01,2.1,0.064,43.0,0.99371,3.41,0.57,11.8,1
871,0.56,0.03,1.5,0.086,46.0,0.99522,3.53,0.57,10.6,0
872,0.35,0.24,2.0,0.067,48.0,0.99576,3.43,0.54,10.0,0
873,0.21,0.37,1.6,0.067,10.0,0.99552,3.23,0.58,11.1,1
874,0.38,0.46,2.1,0.104,10.0,0.99664,3.12,0.65,11.8,1
875,0.31,0.4,2.8,0.109,16.0,0.99614,3.31,0.79,11.8,1
876,0.47,0.0,2.2,0.067,14.0,0.99517,3.4,0.58,10.9,0
879,0.6,0.04,2.5,0.076,88.0,0.99745,3.53,0.55,9.5,0
880,0.56,0.18,1.6,0.078,21.0,0.99576,3.15,0.49,9.9,0
881,0.715,0.0,2.1,0.068,35.0,0.99533,3.48,0.65,11.4,1
885,0.75,0.14,2.5,0.086,30.0,0.99824,3.34,0.64,10.5,0
886,0.8,0.12,2.4,0.083,28.0,0.99836,3.33,0.65,10.4,1
887,0.52,0.38,2.6,0.066,56.0,0.99577,3.15,0.79,12.1,1
888,0.57,0.0,2.5,0.072,64.0,0.99491,3.43,0.56,11.2,1
890,0.34,0.24,2.0,0.071,52.0,0.99576,3.44,0.58,10.1,0
891,0.66,0.03,2.3,0.078,86.0,0.99743,3.53,0.57,9.7,0
892,0.45,0.23,1.9,0.0819999999999999,18.0,0.99774,3.22,0.65,9.3,1
894,0.63,0.03,2.2,0.08,88.0,0.99745,3.53,0.58,9.8,1
895,0.59,0.01,2.3,0.08,43.0,0.9955,3.42,0.58,10.7,1
896,0.31,0.39,2.4,0.078,43.0,0.99444,3.31,0.77,12.5,1
900,0.31,0.36,2.6,0.0559999999999999,39.0,0.99562,3.4,0.69,11.8,0
901,0.635,0.1,2.4,0.08,33.0,0.99736,3.58,0.69,10.8,1
905,0.58,0.2,3.0,0.081,115.0,0.998,3.23,0.59,9.5,0
906,0.54,0.27,2.6,0.084,78.0,0.9964,3.39,0.71,11.0,0
907,0.56,0.0,2.2,0.079,9.0,0.9948,3.59,0.54,11.5,1
908,0.52,0.13,2.4,0.078,61.0,0.99528,3.43,0.59,10.8,1
909,0.305,0.39,1.2,0.059,11.0,0.99331,3.29,0.52,11.5,1
912,0.46,0.44,2.9,0.065,8.0,0.99674,3.33,0.62,12.2,1
915,0.315,0.4,2.2,0.079,6.0,0.99512,3.27,0.67,11.9,1
918,0.36,0.32,2.2,0.081,79.0,0.9964,3.3,0.72,11.0,1
919,0.62,0.12,1.8,0.072,46.0,0.99504,3.38,0.89,11.8,1
920,0.41,0.37,2.3,0.091,23.0,0.99786,3.24,0.56,10.5,0
924,0.47,0.27,2.3,0.055,28.0,0.99516,3.18,0.8,11.2,0
925,0.22,0.36,1.9,0.064,77.0,0.99604,3.47,0.87,11.0,1
926,0.24,0.33,2.3,0.061,73.0,0.99786,3.47,0.9,10.2,1
927,0.67,0.19,2.2,0.093,75.0,0.99736,3.2,0.59,9.2,0
929,0.33,0.38,3.3,0.063,19.0,0.99468,3.3,0.73,12.0,1
931,0.61,0.01,2.0,0.074,38.0,0.99748,3.48,0.65,9.8,0
932,0.4,0.29,1.9,0.078,66.0,0.9971,3.45,0.59,9.5,1
935,0.3,0.38,2.3,0.06,72.0,0.99543,3.39,0.72,11.8,1
937,0.63,0.5,1.4,0.071,26.0,0.99791,3.07,0.6,10.4,0
938,0.38,0.38,2.8,0.068,42.0,0.99356,3.34,0.72,12.9,1
939,0.46,0.17,1.6,0.073,11.0,0.99425,3.61,0.54,11.4,0
940,0.33,0.52,2.2,0.074,25.0,0.99509,3.36,0.76,12.4,1
942,0.43,0.4,2.6,0.092,52.0,0.99834,3.22,0.64,10.0,1
943,0.5,0.34,2.3,0.094,45.0,0.99864,3.24,0.6,9.7,1
945,0.44,0.42,2.0,0.071,20.0,0.99566,3.14,0.79,11.1,1
947,0.28,0.48,2.1,0.093,12.0,0.99408,3.26,0.62,12.4,1
948,0.12,0.45,1.8,0.075,21.0,0.99552,3.41,0.76,11.9,1
952,0.31,0.4,2.2,0.0579999999999999,10.0,0.99536,3.31,0.68,11.2,1
953,0.34,0.48,2.1,0.052,9.0,0.99458,3.2,0.69,12.1,1
954,0.43,0.4,2.7,0.0819999999999999,11.0,0.99538,3.44,0.54,12.2,1
955,0.21,0.52,1.9,0.09,23.0,0.99648,3.36,0.67,10.4,0
956,0.36,0.52,2.1,0.111,10.0,0.99568,3.31,0.62,11.3,1
957,0.37,0.52,2.0,0.088,51.0,0.99613,3.29,0.58,11.1,1
958,0.57,0.12,2.3,0.12,36.0,0.99519,3.47,0.71,11.3,1
959,0.59,0.05,2.0,0.089,32.0,0.99735,3.36,0.61,10.0,0
960,0.47,0.27,1.9,0.0579999999999999,38.0,0.99518,3.16,0.85,11.1,1
961,0.56,0.14,1.6,0.078,18.0,0.99592,3.27,0.62,9.3,0
962,0.57,0.02,2.1,0.115,16.0,0.99654,3.38,0.69,9.5,0
963,0.27,0.39,2.0,0.1,27.0,0.99546,3.15,0.69,11.2,1
965,0.34,0.4,2.4,0.065,48.0,0.99554,3.34,0.86,11.0,1
966,0.38,0.41,2.4,0.103,10.0,0.99604,3.13,0.58,11.9,1
967,0.66,0.2,2.1,0.0969999999999999,113.0,0.99733,3.13,0.48,9.2,0
968,0.4,0.43,2.4,0.068,46.0,0.9943,3.2,0.6,12.2,1
969,0.56,0.09,2.9,0.079,22.0,0.99669,3.46,0.61,10.2,0
970,0.26,0.48,1.9,0.066,10.0,0.99724,3.33,0.87,10.9,1
972,0.38,0.5,2.4,0.104,13.0,0.99643,3.22,0.65,11.6,1
973,0.34,0.44,1.7,0.079,12.0,0.99605,3.52,0.63,10.7,0
975,0.41,0.3,2.1,0.083,72.0,0.997,3.44,0.52,9.4,0
977,0.59,0.29,2.6,0.109,119.0,0.99801,3.15,0.5,9.1,0
978,0.4,0.32,3.6,0.061,29.0,0.99416,3.28,0.49,11.3,1
979,0.45,0.49,1.4,0.075,6.0,0.9969,3.13,0.63,10.4,0
980,0.5,0.3,1.9,0.065,17.0,0.99774,3.32,0.71,10.5,1
981,0.86,0.26,1.9,0.079,28.0,0.99712,3.25,0.62,10.0,0
982,0.52,0.32,2.1,0.07,70.0,0.99418,3.34,0.82,12.9,1
985,0.58,0.0,2.0,0.064,11.0,0.99562,3.45,0.58,11.3,1
986,0.34,0.39,1.4,0.066,7.0,0.9947,3.19,0.55,11.4,1
987,0.36,0.3,1.6,0.08,70.0,0.99693,3.44,0.5,9.4,0
988,0.39,0.12,1.7,0.0969999999999999,27.0,0.99596,3.16,0.49,9.4,0
989,0.295,0.4,1.5,0.073,21.0,0.99556,3.14,0.51,10.9,1
991,0.34,0.28,2.0,0.0819999999999999,68.0,0.99694,3.45,0.48,9.4,0
992,0.4,0.1,2.0,0.076,47.0,0.99554,3.36,0.48,9.4,1
994,0.35,0.45,2.5,0.092,88.0,0.99918,3.15,0.43,9.4,0
995,0.6,0.06,2.0,0.079,41.0,0.99697,3.39,0.62,10.1,1
998,0.84,0.34,1.4,0.05,10.0,0.99554,3.12,0.48,9.1,1
1000,0.43,0.3,2.2,0.062,12.0,0.99495,3.44,0.72,11.5,1
1001,0.35,0.38,1.5,0.0579999999999999,47.0,0.99676,3.26,0.82,10.6,1
1002,0.29,0.33,2.05,0.063,27.0,0.99516,3.26,0.84,11.7,1
1003,0.36,0.32,1.8,0.067,8.0,0.9928,3.36,0.55,12.8,1
1004,0.43,0.29,1.6,0.081,45.0,0.99603,3.25,0.54,10.3,0
1007,0.3,0.34,2.0,0.064,25.0,0.99516,3.26,0.84,11.7,1
1008,0.35,0.4,3.6,0.11,24.0,0.99549,3.23,0.7,12.0,1
1009,0.5,0.36,2.8,0.1159999999999999,55.0,0.99722,3.18,0.68,10.9,0
1010,0.28,0.45,1.7,0.067,12.0,0.99354,3.25,0.55,12.3,1
1011,0.32,0.31,2.0,0.088,19.0,0.9957,3.17,0.55,10.4,1
1012,1.005,0.15,2.1,0.102,32.0,0.99604,3.23,0.48,10.0,0
1013,0.71,0.0,1.6,0.092,31.0,0.99635,3.38,0.58,10.0,1
1014,0.58,0.16,2.0,0.12,7.0,0.99454,3.22,0.58,11.2,1
1015,0.39,0.46,2.2,0.075,27.0,0.99598,3.06,0.84,11.4,1
1016,0.38,0.4,2.2,0.068,28.0,0.99486,3.27,0.75,12.6,1
1019,0.5,0.14,1.8,0.078,23.0,0.99636,3.53,0.61,10.4,0
1022,0.51,0.09,2.1,0.062,9.0,0.99584,3.35,0.54,10.5,0
1023,0.32,0.42,2.3,0.098,9.0,0.99506,3.27,0.55,12.3,1
1024,0.58,0.01,1.8,0.088,18.0,0.99568,3.32,0.56,10.5,1
1025,0.83,0.0,2.8,0.095,43.0,0.99822,3.33,0.6,10.4,1
1026,0.31,0.32,1.9,0.066,36.0,0.99364,3.41,0.56,12.6,1
1027,0.795,0.0,2.2,0.065,52.0,0.99378,3.49,0.52,11.6,0
1028,0.34,0.21,2.5,0.075,68.0,0.99586,3.37,0.54,10.1,1
1030,0.59,0.0,2.1,0.091,14.0,0.99488,3.42,0.55,11.5,1
1031,0.55,0.01,1.8,0.093,15.0,0.99514,3.35,0.58,11.0,1
1033,0.57,0.08,2.6,0.089,27.0,0.99592,3.3,0.59,10.4,1
1034,0.745,0.18,2.5,0.077,48.0,0.99739,3.2,0.47,9.7,1
1035,0.37,0.34,2.4,0.085,17.0,0.99683,3.17,0.65,10.6,1
1036,0.31,0.34,2.5,0.0819999999999999,35.0,0.99356,3.22,0.59,12.5,1
1037,0.91,0.1,1.8,0.074,56.0,0.99672,3.35,0.56,9.2,0
1039,0.5,0.21,2.2,0.088,39.0,0.99692,3.33,0.83,11.1,1
1040,0.965,0.0,2.2,0.088,32.0,0.99756,3.58,0.67,10.2,0
1041,0.49,0.19,1.7,0.079,26.0,0.99547,3.38,0.64,9.8,1
1044,0.39,0.33,3.3,0.046,53.0,0.99294,3.36,0.62,12.2,1
1045,0.44,0.0,1.4,0.07,38.0,0.99438,3.32,0.58,11.4,1
1046,0.78,0.0,1.7,0.076,45.0,0.99612,3.31,0.62,10.7,1
1047,0.43,0.17,1.8,0.0819999999999999,51.0,0.99634,3.49,0.64,10.4,0
1048,0.49,0.36,1.7,0.081,14.0,0.99702,3.27,0.78,10.9,1
1049,0.5,0.36,1.8,0.084,17.0,0.99704,3.27,0.77,10.8,1
1052,0.605,0.05,2.4,0.073,25.0,0.99258,3.56,0.55,12.9,0
1053,0.33,0.42,2.3,0.07,20.0,0.99426,3.38,0.77,12.7,1
1054,0.64,0.27,2.0,0.095,77.0,0.99747,3.13,0.62,9.1,1
1058,0.53,0.57,2.4,0.093,52.0,0.9971,3.19,0.76,11.6,1
1060,0.23,0.57,1.8,0.074,8.0,0.9981,3.14,0.7,9.9,1
1061,0.4,0.5,1.8,0.071,16.0,0.99462,3.21,0.69,12.5,1
1062,0.38,0.44,1.9,0.098,15.0,0.9956,3.3,0.64,11.4,1
1063,0.29,0.65,2.4,0.075,17.0,0.99565,3.22,0.63,11.8,1
1064,0.74,0.09,2.0,0.067,10.0,0.99418,3.28,0.57,11.8,1
1065,0.61,0.18,2.4,0.083,20.0,0.9963,3.29,0.6,10.2,1
1066,0.52,0.08,2.4,0.07,26.0,0.99358,3.4,0.72,12.5,1
1067,0.31,0.53,2.2,0.06,10.0,0.99572,3.02,0.83,10.9,1
1069,0.62,0.35,2.8,0.086,52.0,0.997,3.31,0.62,10.8,0
1070,0.33,0.45,1.5,0.057,37.0,0.99498,3.18,0.89,11.1,1
1072,0.35,0.26,1.8,0.083,75.0,0.9968,3.4,0.58,9.5,1
1073,0.62,0.33,2.7,0.088,37.0,0.9972,3.31,0.58,10.7,1
1075,0.25,0.34,2.0,0.071,67.0,0.99769,3.44,0.86,10.2,1
1076,0.32,0.56,2.0,0.073,8.0,0.99534,3.15,0.73,11.4,1
1080,0.27,0.56,1.4,0.047,8.0,0.99471,3.16,0.51,11.8,1
1082,0.38,0.3,1.8,0.073,70.0,0.99685,3.42,0.59,9.5,1
1083,0.42,0.45,2.4,0.072,59.0,0.99617,3.33,0.77,12.0,1
1085,0.48,0.08,1.8,0.074,64.0,0.99529,3.12,0.49,9.6,0
1087,0.19,0.42,1.6,0.057,30.0,0.994,3.29,0.69,11.2,1
1088,0.41,0.54,1.5,0.095,41.0,0.99735,3.02,0.76,9.9,1
1090,0.26,0.54,1.9,0.083,74.0,0.99451,2.98,0.63,11.8,1
1091,0.34,0.42,2.0,0.086,19.0,0.99546,3.35,0.6,11.4,1
1092,0.54,0.09,2.0,0.081,16.0,0.99479,3.43,0.59,11.5,1
1093,0.31,0.36,2.2,0.079,31.0,0.99615,3.33,0.86,12.0,1
1095,0.4,0.47,2.5,0.087,20.0,0.99772,3.15,0.5,10.5,0
1097,0.52,0.38,1.5,0.096,18.0,0.99666,3.2,0.52,9.4,0
1100,0.34,0.42,2.1,0.072,36.0,0.99392,3.11,0.78,12.4,1
1101,0.49,0.27,2.1,0.071,25.0,0.99388,3.35,0.63,12.0,1
1102,0.48,0.09,1.7,0.078,30.0,0.99402,3.45,0.54,11.2,1
1104,0.48,0.34,2.2,0.073,25.0,0.9936,3.28,0.66,12.4,1
1105,0.57,0.28,2.1,0.048,49.0,0.99374,3.41,0.6,12.8,0
1106,0.23,0.42,1.9,0.069,17.0,0.99376,3.21,0.54,12.3,1
1107,0.3,0.41,2.0,0.068,24.0,0.99523,3.27,0.85,11.7,1
1108,0.78,0.1,3.3,0.09,13.0,0.99855,3.36,0.49,9.5,0
1110,0.53,0.0,1.4,0.07,14.0,0.99593,3.25,0.64,10.0,1
1112,0.33,0.41,1.5,0.0559999999999999,35.0,0.99396,3.29,0.71,11.0,1
1113,0.24,0.39,1.6,0.074,10.0,0.99698,3.12,0.59,9.5,1
1115,0.69,0.07,2.5,0.091,21.0,0.99572,3.38,0.6,11.3,1
1118,0.39,0.12,2.1,0.065,24.0,0.99252,3.3,0.53,13.3,1
1119,0.66,0.0,2.5,0.066,15.0,0.99256,3.52,0.58,12.9,0
1120,0.54,0.34,2.5,0.076,17.0,0.99235,3.2,0.72,13.1,1
1121,0.5,0.0,1.8,0.062,28.0,0.99352,3.44,0.55,12.3,1
1123,0.4,0.37,1.9,0.081,29.0,0.99674,3.12,0.65,11.2,1
1124,0.58,0.0,2.2,0.096,13.0,0.99557,3.62,0.62,11.5,0
1125,0.24,0.35,1.7,0.055,27.0,0.99394,3.14,0.59,11.3,1
1127,0.76,0.0,2.9,0.072,52.0,0.99379,3.51,0.6,11.5,1
1128,0.43,0.33,2.7,0.095,89.0,0.9984,3.22,0.68,10.0,0
1129,0.43,0.35,3.3,0.092,70.0,0.99798,3.21,0.69,10.5,1
1130,0.6,0.0,1.9,0.0579999999999999,10.0,0.9977,3.18,0.63,10.4,1
1134,0.28,0.35,1.7,0.061,15.0,0.99524,3.3,0.74,11.8,1
1135,0.25,0.43,1.7,0.067,50.0,0.9946,3.38,0.6,11.9,1
1136,0.52,0.45,2.0,0.08,13.0,0.99774,3.22,0.76,11.4,1
1139,0.51,0.24,2.0,0.079,86.0,0.99764,3.34,0.64,9.5,1
1140,0.4,0.3,1.7,0.08,79.0,0.9969,3.41,0.65,9.5,1
1141,0.38,0.32,2.5,0.08,71.0,0.99624,3.27,0.85,11.0,1
1142,0.45,0.11,2.4,0.043,12.0,0.99354,3.3,0.65,11.4,1
1143,0.22,0.3,1.8,0.065,20.0,0.99672,3.61,0.82,10.0,1
1144,0.32,0.23,2.3,0.066,70.0,0.99588,3.43,0.62,10.1,0
1145,0.2,0.43,2.5,0.076,51.0,0.99672,3.53,0.81,10.4,1
1148,0.39,0.42,2.0,0.086,21.0,0.99526,3.39,0.66,11.6,1
1149,0.35,0.47,2.0,0.061,11.0,0.99585,3.23,0.52,12.0,1
1150,0.33,0.32,2.8,0.067,12.0,0.99473,3.3,0.76,12.8,1
1151,0.58,0.23,2.5,0.044,70.0,0.99352,3.46,0.65,12.5,1
1152,0.6,0.25,2.2,0.118,38.0,0.99616,3.15,0.53,9.8,0
1153,0.42,0.35,2.1,0.083,38.0,0.99622,3.23,0.66,11.1,1
1154,0.58,0.0,2.2,0.1,63.0,0.99544,3.59,0.68,11.4,1
1156,0.18,0.51,1.75,0.071,88.0,0.99524,3.33,0.76,11.8,1
1157,0.51,0.18,2.1,0.042,101.0,0.9924,3.46,0.87,12.9,1
1159,0.41,0.43,2.2,0.11,37.0,0.99728,3.16,0.67,10.8,0
1160,0.36,0.57,2.3,0.087,20.0,0.99676,3.14,0.72,11.1,1
1161,0.45,0.43,1.4,0.076,21.0,0.99551,3.21,0.75,10.2,1
1162,0.32,0.42,2.3,0.075,19.0,0.99434,3.14,0.71,11.8,1
1163,0.785,0.24,1.7,0.078,21.0,0.99692,3.29,0.67,10.0,0
1166,0.54,0.26,2.0,0.111,60.0,0.99709,2.94,0.98,10.2,0
1167,0.33,0.39,2.5,0.074,48.0,0.99528,3.32,0.88,12.4,1
1168,0.34,0.27,2.8,0.067,44.0,0.99384,3.21,0.56,12.0,1
1169,0.5,0.29,2.3,0.086,14.0,0.99502,3.32,0.62,11.5,1
1170,0.36,0.34,1.6,0.062,12.0,0.99667,3.2,0.67,10.5,1
1171,0.59,0.0,2.2,0.078,44.0,0.99522,3.42,0.68,10.8,1
1172,0.42,0.46,2.1,0.074,16.0,0.99649,3.27,0.74,12.3,1
1173,0.36,0.31,1.7,0.079,65.0,0.99716,3.46,0.62,9.5,1
1175,0.61,0.0,2.2,0.095,59.0,0.99541,3.61,0.7,11.5,1
1177,0.66,0.0,2.4,0.052,11.0,0.99318,3.35,0.66,12.7,1
1178,0.915,0.0,2.1,0.0409999999999999,78.0,0.99346,3.68,0.73,11.4,0
1179,0.35,0.33,2.4,0.076,47.0,0.99599,3.27,0.81,11.0,1
1181,0.39,0.43,1.65,0.068,11.0,0.99478,3.19,0.46,11.4,0
1182,0.4,0.4,2.5,0.068,54.0,0.99754,3.38,0.86,10.5,1
1183,0.66,0.07,1.6,0.07,61.0,0.99572,3.29,0.6,9.3,0
1184,0.64,0.23,2.1,0.08,119.0,0.99538,3.36,0.7,10.9,0
1185,0.43,0.3,2.0,0.085,39.0,0.99346,3.33,0.46,11.9,1
1189,0.955,0.05,1.8,0.075,19.0,0.99616,3.3,0.44,9.6,0
1192,0.25,0.37,2.5,0.063,41.0,0.99439,3.52,0.8,12.4,1
1194,0.745,0.12,1.8,0.114,64.0,0.99588,3.22,0.59,9.5,1
1195,0.43,0.22,1.8,0.078,56.0,0.99633,3.52,0.6,9.5,1
1196,0.58,0.23,2.3,0.076,94.0,0.99686,3.21,0.58,9.5,1
1197,0.57,0.21,1.5,0.069,9.0,0.99458,3.16,0.54,9.8,1
1198,0.26,0.26,2.0,0.052,77.0,0.9951,3.15,0.79,10.9,1
1201,0.34,0.36,1.9,0.065,10.0,0.99419,3.27,0.54,11.2,1
1202,0.42,0.39,1.8,0.068,12.0,0.99516,3.35,0.69,11.7,1
1204,0.36,0.46,2.1,0.074,44.0,0.99534,3.4,0.85,11.0,1
1209,0.39,0.43,2.0,0.071,24.0,0.99428,3.45,0.87,11.2,1
1210,0.65,0.02,2.1,0.078,15.0,0.99498,3.35,0.62,10.4,1
1211,0.44,0.15,2.1,0.076,53.0,0.9957,3.32,0.62,9.3,0
1213,0.38,0.42,1.9,0.071,13.0,0.99659,3.15,0.75,10.5,1
1214,0.33,0.46,1.9,0.081,9.0,0.99628,3.1,0.48,10.4,1
1215,0.27,0.46,2.1,0.095,29.0,0.99488,3.26,0.56,11.3,1
1216,0.57,0.31,2.0,0.079,79.0,0.99677,3.29,0.69,9.5,1
1217,0.34,0.37,1.9,0.057,74.0,0.99408,3.23,0.81,12.0,1
1218,0.4,0.31,1.9,0.0819999999999999,24.0,0.996,3.24,0.69,10.6,1
1219,0.39,0.4,1.3,0.044,50.0,0.99478,3.2,0.83,10.9,1
1222,0.53,0.22,2.2,0.078,89.0,0.99678,3.26,0.46,9.6,1
1223,0.36,0.47,2.2,0.074,23.0,0.99638,3.23,0.76,12.0,1
1224,0.39,0.49,2.5,0.08,20.0,0.9992,3.07,0.82,10.3,1
1225,0.46,0.23,2.6,0.091,77.0,0.99922,3.15,0.51,9.4,0
1227,0.58,0.25,2.0,0.104,21.0,0.99769,3.27,0.72,9.6,0
1229,0.43,0.29,2.1,0.075,66.0,0.99718,3.4,0.64,9.5,0
1230,0.18,0.34,2.7,0.066,58.0,0.9947,3.37,0.78,11.8,1
1231,0.815,0.01,2.6,0.074,90.0,0.99621,3.38,0.62,10.8,0
1233,0.23,0.37,2.2,0.057,36.0,0.99614,3.23,0.49,9.3,0
1234,0.75,0.01,2.2,0.059,18.0,0.99242,3.39,0.4,12.8,1
1236,0.55,0.0,1.7,0.07,17.0,0.99659,3.26,0.64,9.4,1
1238,0.73,0.0,2.5,0.081,24.0,0.99798,3.38,0.46,9.6,0
1240,0.61,0.2,1.7,0.076,60.0,0.99494,3.1,0.4,9.3,0
1241,0.37,0.39,2.5,0.079,65.0,0.99729,3.16,0.59,9.8,0
1242,0.4,0.41,2.0,0.0579999999999999,40.0,0.99414,3.22,0.6,12.2,1
1243,0.56,0.22,2.4,0.0819999999999999,86.0,0.9983,3.37,0.62,9.5,0
1245,0.55,0.19,1.8,0.0819999999999999,34.0,0.99655,3.49,0.68,10.5,0
1246,0.74,0.07,1.7,0.086,48.0,0.99502,3.12,0.48,10.0,0
1248,0.41,0.33,2.2,0.081,36.0,0.9949,3.41,0.75,11.1,1
1249,0.6,0.01,2.3,0.079,37.0,0.99514,3.4,0.61,10.9,1
1251,0.58,0.14,2.2,0.077,60.0,0.9963,3.28,0.59,9.8,0
1253,0.66,0.0,1.4,0.096,13.0,0.99569,3.43,0.58,9.5,0
1254,0.7,0.06,1.9,0.079,35.0,0.99628,3.4,0.69,10.9,0
1255,0.64,0.02,2.4,0.069,46.0,0.99358,3.47,0.45,11.0,0
1256,0.59,0.22,1.8,0.0819999999999999,60.0,0.99499,3.1,0.42,9.2,0
1262,0.45,0.38,2.5,0.081,66.0,0.99726,3.15,0.58,9.8,0
1263,0.78,0.0,2.2,0.089,26.0,0.9978,3.37,0.46,9.6,0
1264,0.37,0.32,1.8,0.066,51.0,0.99456,3.38,0.72,11.8,1
1265,0.57,0.05,2.3,0.081,36.0,0.99564,3.38,0.6,10.3,1
1267,0.43,0.5,2.3,0.068,19.0,0.996,3.1,0.87,11.4,1
1268,0.41,0.31,2.0,0.079,51.0,0.99668,3.47,0.55,9.5,1
1271,0.44,0.2,1.6,0.049,64.0,0.9935,3.38,0.57,11.7,1
1272,0.46,0.0,1.9,0.077,44.0,0.99385,3.5,0.53,11.2,0
1273,0.58,0.2,2.0,0.073,44.0,0.99494,3.1,0.43,9.3,0
1274,0.58,0.13,2.1,0.102,36.0,0.9944,3.24,0.53,11.2,1
1275,0.715,0.22,2.3,0.075,81.0,0.99688,3.24,0.54,9.5,1
1277,0.69,0.0,1.9,0.114,10.0,0.99636,3.35,0.6,9.7,1
1279,0.3,0.39,1.7,0.062,9.0,0.9948,3.14,0.57,11.5,1
1280,0.46,0.2,1.9,0.077,54.0,0.9956,3.37,0.64,10.4,1
1282,0.765,0.0,2.0,0.084,22.0,0.99619,3.33,0.68,10.9,1
1283,0.63,0.28,2.7,0.096,69.0,0.99734,3.26,0.63,10.2,1
1284,0.42,0.19,2.3,0.071,36.0,0.99476,3.39,0.56,10.9,0
1285,0.37,0.5,1.8,0.09,47.0,0.99734,3.15,0.57,10.5,0
1286,0.16,0.44,2.5,0.068,31.0,0.99328,3.35,0.54,12.4,1
1287,0.6,0.08,2.6,0.0559999999999999,7.0,0.99286,3.22,0.37,13.0,0
1290,0.74,0.0,1.9,0.1,12.0,0.99521,3.36,0.59,11.0,0
1291,0.635,0.1,2.1,0.073,60.0,0.99638,3.29,0.75,10.9,1
1292,0.395,0.13,2.4,0.0559999999999999,28.0,0.99362,3.62,0.67,12.4,1
1293,0.755,0.0,1.9,0.084,12.0,0.99672,3.34,0.49,9.7,0
1297,0.53,0.14,2.1,0.064,29.0,0.99323,3.35,0.61,12.1,1
1301,0.86,0.07,2.0,0.1,57.0,0.99598,3.6,0.74,11.7,1
1302,0.37,0.32,2.1,0.064,15.0,0.99576,3.3,0.8,11.2,1
1303,0.28,0.44,1.8,0.081,68.0,0.99501,3.36,0.66,11.2,0
1304,0.79,0.21,2.3,0.087,68.0,0.9955,3.12,0.44,9.2,0
1305,0.61,0.26,1.9,0.073,88.0,0.99612,3.3,0.53,9.8,0
1306,0.69,0.32,2.5,0.088,91.0,0.9979,3.29,0.62,10.1,0
1309,0.62,0.1,1.4,0.071,63.0,0.996,3.28,0.61,9.2,0
1311,0.51,0.15,3.0,0.064,27.0,0.9929,3.33,0.59,12.8,1
1313,0.36,0.21,2.3,0.086,65.0,0.99558,3.4,0.54,10.1,1
1314,0.36,0.21,2.4,0.086,69.0,0.99556,3.4,0.53,10.1,1
1315,0.63,0.27,2.0,0.083,91.0,0.99616,3.26,0.58,9.8,1
1317,0.44,0.46,2.2,0.091,41.0,0.99638,3.18,0.69,11.9,1
1320,0.66,0.34,2.6,0.094,88.0,0.99796,3.26,0.66,10.1,0
1322,0.34,0.42,1.8,0.0579999999999999,18.0,0.99392,3.18,0.55,11.4,0
1323,0.36,0.39,1.8,0.06,55.0,0.99495,3.18,0.82,11.0,1
1324,0.46,0.24,1.7,0.077,34.0,0.9948,3.39,0.6,10.6,1
1328,0.52,0.11,1.8,0.073,38.0,0.9955,3.34,0.52,9.3,0
1329,0.6,0.26,2.1,0.083,91.0,0.99616,3.29,0.56,9.8,1
1332,0.39,0.1,1.7,0.075,25.0,0.99581,3.09,0.43,9.7,1
1333,0.775,0.22,2.2,0.079,48.0,0.9976,3.18,0.51,9.6,0
1335,0.58,0.02,2.4,0.069,40.0,0.99387,3.38,0.66,12.6,1
1336,0.5,0.0,1.4,0.057,26.0,0.99448,3.36,0.45,9.5,0
1339,0.51,0.02,1.7,0.084,31.0,0.99538,3.36,0.54,10.5,1
1342,0.54,0.02,1.7,0.085,31.0,0.99589,3.37,0.51,10.4,1
1344,0.42,0.48,2.6,0.077,20.0,0.99852,3.09,0.53,11.0,0
1345,0.44,0.24,2.3,0.063,28.0,0.99613,3.25,0.53,10.2,1
1346,0.59,0.01,2.1,0.0559999999999999,13.0,0.99472,3.52,0.56,11.4,0
1347,0.655,0.03,1.8,0.078,12.0,0.99587,3.34,0.39,9.5,0
1349,0.57,0.0,2.8,0.081,41.0,0.99518,3.41,0.52,10.8,0
1350,0.6,0.29,2.0,0.069,73.0,0.99654,3.34,0.57,10.0,0
1351,0.62,0.01,2.3,0.065,46.0,0.99332,3.32,0.51,11.8,1
1352,0.645,0.03,1.9,0.086,57.0,0.9969,3.37,0.46,10.3,0
1354,0.58,0.03,2.3,0.077,28.0,0.99568,3.35,0.52,10.0,0
1355,0.32,0.25,1.8,0.086,32.0,0.99464,3.36,0.44,10.1,0
1356,0.34,0.25,1.8,0.084,28.0,0.99464,3.36,0.44,10.1,0
1357,0.43,0.24,2.5,0.078,67.0,0.99648,3.6,0.59,11.1,1
1359,0.475,0.4,1.4,0.091,28.0,0.99704,3.07,0.65,10.0333333333333,1
1360,0.54,0.31,2.3,0.1119999999999999,38.0,0.99699,3.24,0.56,10.9,0
1361,0.85,0.14,2.5,0.093,54.0,0.99724,3.36,0.54,10.1,0
1363,0.83,0.27,2.0,0.08,63.0,0.99652,3.29,0.48,9.8,0
1364,0.605,0.02,1.9,0.096,31.0,0.995,3.46,0.53,11.8,1
1365,0.5,0.09,2.2,0.115,42.0,0.9971,3.18,0.62,9.5,0
1366,0.74,0.08,1.7,0.094,45.0,0.99576,3.24,0.5,9.8,0
1368,0.77,0.32,2.1,0.079,74.0,0.99656,3.27,0.5,9.8,1
1369,0.61,0.0,1.6,0.069,8.0,0.99396,3.33,0.37,10.4,0
1375,0.56,0.26,2.0,0.083,100.0,0.99586,3.26,0.52,9.9,0
1376,0.885,0.2,1.4,0.086,31.0,0.9946,3.11,0.46,10.0,0
1378,0.45,0.15,2.0,0.078,28.0,0.99609,3.29,0.51,9.9,1
1379,0.57,0.02,2.6,0.077,35.0,0.99557,3.36,0.62,10.8,1
1381,0.83,0.09,1.8,0.074,25.0,0.99534,3.38,0.45,9.6,0
1382,0.6,0.22,2.1,0.08,105.0,0.99613,3.3,0.49,9.9,0
1384,0.755,0.15,1.8,0.107,84.0,0.99593,3.19,0.5,9.5,0
1385,0.81,0.25,3.4,0.076,85.0,0.99668,3.19,0.42,9.2,0
1386,0.64,0.07,1.8,0.1,23.0,0.9961,3.3,0.58,9.6,0
1389,0.48,0.02,2.2,0.08,111.0,0.99524,3.1,0.53,9.7,0
1390,0.49,0.0,2.3,0.068,33.0,0.99292,3.58,0.59,12.5,1
1391,0.64,0.22,2.4,0.094,33.0,0.99612,3.37,0.58,11.0,0
1392,0.62,0.06,1.3,0.07,12.0,0.9942,3.17,0.48,9.8,0
1393,0.52,0.25,2.0,0.078,59.0,0.99612,3.3,0.48,10.2,0
1395,0.685,0.1,1.6,0.092,12.0,0.99745,3.31,0.65,9.55,1
1396,0.675,0.1,1.6,0.09,11.0,0.99745,3.31,0.65,9.55,0
1397,0.59,0.26,2.0,0.08,104.0,0.99584,3.28,0.52,9.9,0
1398,0.6,0.12,2.2,0.083,28.0,0.9966,3.52,0.62,10.2,1
1399,0.67,0.0,2.2,0.068,24.0,0.9956,3.42,0.72,11.1,1
1402,0.3,0.42,2.0,0.052,24.0,0.9963,3.44,0.82,11.9,1
1404,0.5,0.39,2.6,0.0819999999999999,46.0,0.9985,3.43,0.62,10.7,1
1405,0.28,0.3,2.0,0.062,34.0,0.9952,3.28,0.9,11.3,1
1407,0.51,0.0,2.1,0.064,54.0,0.995,3.54,0.93,10.7,1
1410,0.96,0.0,1.8,0.0819999999999999,16.0,0.9936,3.5,0.44,11.9,1
1411,0.47,0.4,2.4,0.071,19.0,0.9963,3.56,0.73,10.6,1
1413,0.57,0.25,2.0,0.104,89.0,0.9963,3.04,0.9,10.1,0
1414,0.32,0.59,2.2,0.077,15.0,0.9994,3.2,0.78,9.6,0
1415,0.58,0.0,1.6,0.065,18.0,0.9966,3.56,0.84,9.4,0
1417,0.34,0.33,2.5,0.064,37.0,0.9952,3.35,0.77,12.1,1
1418,0.53,0.01,1.6,0.077,19.0,0.995,3.16,0.46,9.8,0
1421,0.4,0.18,1.6,0.079,58.0,0.9965,3.34,0.58,9.4,0
1422,0.54,0.0,2.1,0.079,55.0,0.9956,3.39,0.84,11.4,1
1424,0.26,0.37,1.4,0.076,23.0,0.9974,3.26,0.7,9.6,1
1426,0.23,0.37,1.8,0.046,60.0,0.9971,3.41,0.71,12.1,1
1427,0.41,0.33,2.5,0.078,23.0,0.9957,3.3,0.58,11.2,0
1428,0.64,0.0,1.9,0.072,55.0,0.9962,3.31,0.63,11.0,0
1429,0.18,0.4,2.2,0.049,67.0,0.996,3.33,0.93,11.3,0
1430,0.41,0.24,1.8,0.066,47.0,0.9956,3.37,0.62,10.4,0
1431,0.43,0.31,2.1,0.069,74.0,0.9958,3.26,0.54,9.9,1
1432,0.44,0.0,1.6,0.042,11.0,0.9944,3.48,0.85,11.7,1
1433,0.4,0.16,1.8,0.069,25.0,0.9955,3.42,0.74,10.1,1
1438,0.59,0.0,1.7,0.052,8.0,0.996,3.41,0.47,10.3,0
1439,0.67,0.02,2.2,0.072,92.0,0.99566,3.32,0.68,11.066666666666698,1
1440,0.37,0.32,2.0,0.062,28.0,0.9947,3.23,0.73,11.3,1
1442,0.63,0.02,1.9,0.078,30.0,0.99712,3.4,0.75,9.8,0
1443,0.58,0.2,1.75,0.0579999999999999,22.0,0.99322,3.38,0.49,11.7,0
1444,0.67,0.02,2.2,0.072,92.0,0.99566,3.32,0.68,11.1,1
1447,0.67,0.0,1.9,0.08,39.0,0.99701,3.4,0.74,9.7,0
1448,0.58,0.01,1.9,0.08,54.0,0.99683,3.4,0.73,9.7,0
1449,0.38,0.31,2.0,0.0559999999999999,29.0,0.99472,3.23,0.76,11.3,1
1451,0.32,0.44,2.7,0.104,17.0,0.99732,3.33,0.78,11.0,1
1452,0.58,0.02,2.0,0.062,53.0,0.99374,3.35,0.76,11.6,1
1453,0.49,0.33,1.9,0.074,85.0,0.99706,3.41,0.58,9.0,0
1454,0.45,0.63,2.2,0.073,23.0,0.99974,3.21,0.69,10.9,1
1455,0.9,0.0,1.6,0.052,17.0,0.99467,3.5,0.63,10.9,1
1456,0.54,0.06,1.8,0.05,89.0,0.99236,3.3,0.5,10.55,1
1458,0.29,0.4,1.7,0.067,20.0,0.99603,3.39,0.6,10.5,0
1459,0.2,0.35,1.7,0.054,15.0,0.99458,3.32,0.8,11.9,1
1460,0.42,0.09,2.3,0.054,64.0,0.99724,3.41,0.68,10.4,1
1461,0.785,0.0,2.1,0.06,13.0,0.99664,3.59,0.61,10.0,0
1462,0.64,0.03,2.3,0.075,31.0,0.99545,3.36,0.58,10.4,1
1463,0.63,0.01,2.4,0.076,39.0,0.99522,3.34,0.53,10.8,1
1464,0.59,0.1,1.7,0.063,53.0,0.9958,3.41,0.67,9.7,0
1466,0.48,0.32,2.1,0.062,54.0,0.99728,3.3,0.65,10.0,1
1469,0.98,0.05,2.1,0.061,49.0,0.99705,3.31,0.55,9.7,0
1472,0.35,0.6,2.6,0.073,44.0,0.99656,3.38,0.79,11.1,1
1473,0.6,0.08,1.8,0.071,45.0,0.99336,3.38,0.54,11.0,0
1479,0.28,0.6,3.0,0.104,22.0,0.99828,3.39,0.68,10.6,0
1480,0.62,0.03,1.5,0.08,13.0,0.99498,3.66,0.62,10.1,0
1482,0.58,0.54,2.1,0.114,9.0,0.99719,3.33,0.57,10.3,0
1483,0.33,0.44,1.5,0.042,12.0,0.99542,3.35,0.61,10.7,0
1484,0.91,0.06,2.0,0.06,11.0,0.99592,3.53,0.64,10.9,0
1485,0.655,0.16,2.1,0.074,25.0,0.99606,3.37,0.55,9.7,0
1486,0.68,0.21,2.1,0.07,23.0,0.99546,3.38,0.6,10.3,0
1487,0.64,0.05,1.9,0.066,17.0,0.99496,3.52,0.78,10.6,0
1489,0.57,0.1,2.1,0.048,11.0,0.99448,3.44,0.76,10.8,1
1490,0.22,0.49,1.8,0.039,18.0,0.99344,3.39,0.56,12.4,1
1492,0.65,0.06,1.6,0.05,18.0,0.99348,3.57,0.54,11.95,0
1494,0.31,0.09,1.4,0.066,28.0,0.99459,3.42,0.7,10.0,1
1495,0.43,0.02,1.9,0.08,28.0,0.99492,3.35,0.81,10.6,1
1497,0.74,0.03,2.3,0.054,16.0,0.99508,3.45,0.63,11.5,1
1498,0.895,0.04,2.3,0.068,13.0,0.99582,3.53,0.58,10.8,1
1500,0.725,0.04,1.5,0.076,15.0,0.99508,3.26,0.53,9.6,0
1502,0.585,0.18,2.4,0.078,60.0,0.99638,3.31,0.54,9.8,0
1503,0.44,0.39,2.5,0.077,14.0,0.99555,3.51,0.69,11.0,1
1504,0.38,0.57,2.3,0.106,12.0,0.99605,3.36,0.55,11.4,1
1505,0.76,0.02,1.8,0.078,12.0,0.996,3.55,0.63,9.95,0
1506,0.81,0.05,2.0,0.07,14.0,0.99562,3.51,0.66,10.8,1
1508,0.27,0.6,2.1,0.074,25.0,0.99814,3.38,0.72,10.6,1
1509,0.18,0.4,1.8,0.062,20.0,0.9941,3.28,0.7,11.1,0
1510,0.36,0.21,2.2,0.047,48.0,0.99661,3.47,0.77,9.7,1
1511,0.69,0.04,2.1,0.068,27.0,0.99712,3.44,0.67,9.8,0
1512,0.79,0.04,2.2,0.061,17.0,0.99588,3.53,0.65,10.4,1
1513,0.56,0.15,1.8,0.078,65.0,0.99294,3.33,0.6,10.5,1
1516,0.32,0.25,2.3,0.071,58.0,0.99633,3.42,0.97,10.6,0
1517,0.53,0.06,2.0,0.063,44.0,0.99489,3.38,0.83,10.3,1
1518,0.47,0.46,2.2,0.114,20.0,0.99647,3.32,0.63,10.5,0
1519,0.7,0.08,2.6,0.106,27.0,0.99665,3.44,0.58,10.2,0
1521,0.48,0.2,1.9,0.0819999999999999,23.0,0.99585,3.39,0.43,9.05,0
1523,0.48,0.25,2.0,0.076,61.0,0.9953,3.34,0.6,10.4,0
1524,0.42,0.19,2.0,0.075,47.0,0.99522,3.39,0.78,10.0,1
1525,0.48,0.08,2.1,0.064,34.0,0.99552,3.33,0.64,9.7,0
1526,0.47,0.08,2.2,0.064,38.0,0.99553,3.3,0.65,9.6,1
1527,0.53,0.07,1.7,0.071,24.0,0.9951,3.29,0.66,10.8,1
1528,0.29,0.49,2.2,0.096,59.0,0.99714,3.31,0.67,10.1,1
1529,0.69,0.08,2.1,0.063,52.0,0.99608,3.42,0.6,10.2,1
1530,0.44,0.09,2.2,0.063,18.0,0.99444,3.42,0.69,11.3,1
1531,0.705,0.1,2.8,0.081,28.0,0.99631,3.6,0.66,10.2,0
1532,0.53,0.13,2.0,0.0579999999999999,22.0,0.99573,3.21,0.68,9.9,1
1533,0.39,0.3,1.9,0.074,84.0,0.99717,3.39,0.61,9.0,0
1534,0.56,0.14,2.4,0.064,29.0,0.99397,3.42,0.62,11.7,1
1535,0.55,0.13,2.2,0.075,35.0,0.9959,3.36,0.59,9.7,1
1536,0.53,0.08,1.9,0.077,45.0,0.99528,3.6,0.68,10.3,1
1537,0.58,0.08,1.9,0.059,31.0,0.99484,3.5,0.64,10.2,1
1538,0.64,0.09,2.5,0.081,26.0,0.99538,3.57,0.63,12.0,0
1539,0.39,0.32,1.8,0.065,60.0,0.99714,3.46,0.78,9.9,0
1541,0.25,0.29,2.2,0.054,49.0,0.99666,3.4,0.76,10.9,1
1542,0.855,0.02,1.9,0.064,38.0,0.99472,3.3,0.56,10.75,1
1543,0.44,0.42,2.2,0.064,19.0,0.99758,3.25,0.57,10.4,1
1544,0.37,0.43,2.3,0.063,19.0,0.9955,3.17,0.81,11.2,1
1545,0.63,0.33,1.8,0.059,28.0,0.99531,3.36,0.64,10.1,1
1546,0.57,0.02,2.0,0.072,26.0,0.99575,3.36,0.61,10.2,0
1547,0.6,0.1,1.6,0.048,26.0,0.99306,3.55,0.51,12.1,0
1548,0.4,0.5,2.0,0.099,50.0,0.99783,3.1,0.58,10.4,0
1549,0.36,0.3,1.8,0.074,24.0,0.99419,3.24,0.7,11.4,1
1550,0.68,0.0,2.3,0.087,26.0,0.99783,3.45,0.53,9.5,0
1551,0.67,0.0,2.3,0.083,27.0,0.99768,3.44,0.54,9.4,0
1553,0.735,0.0,2.2,0.08,28.0,0.99765,3.41,0.6,9.4,0
1554,0.855,0.02,2.4,0.062,23.0,0.99627,3.54,0.6,11.0,1
1555,0.56,0.17,1.7,0.065,24.0,0.99514,3.44,0.68,10.55,1
1556,0.88,0.04,2.2,0.066,20.0,0.99636,3.53,0.56,9.9,0
1562,0.695,0.13,2.0,0.076,20.0,0.99546,3.29,0.54,10.1,0
1565,0.67,0.02,1.9,0.061,42.0,0.99489,3.39,0.82,10.9,1
1566,0.16,0.64,2.1,0.059,52.0,0.99494,3.34,0.71,11.2,1
1568,0.56,0.13,1.6,0.077,42.0,0.99629,3.34,0.59,9.2,0
1569,0.51,0.14,1.9,0.0559999999999999,34.0,0.99396,3.48,0.57,11.5,1
1572,0.69,0.32,2.2,0.069,104.0,0.99632,3.33,0.51,9.5,0
1573,0.58,0.2,2.4,0.075,50.0,0.99467,3.58,0.67,12.5,1
1575,0.52,0.4,2.2,0.06,20.0,0.99474,3.26,0.64,11.8,1
1576,0.3,0.63,1.6,0.081,29.0,0.99588,3.3,0.78,10.8,1
1578,0.67,0.15,1.8,0.118,20.0,0.9954,3.42,0.67,11.3,1
1579,0.56,0.09,1.7,0.053,32.0,0.99402,3.54,0.6,11.3,0
1580,0.35,0.33,2.4,0.068,26.0,0.9947,3.36,0.6,11.9,1
1582,0.715,0.1,2.6,0.053,27.0,0.99362,3.57,0.5,11.9,0
1583,0.46,0.29,2.1,0.074,98.0,0.99578,3.33,0.62,9.8,0
1584,0.32,0.44,2.4,0.061,34.0,0.99484,3.29,0.8,11.6,1
1585,0.39,0.44,2.6,0.066,48.0,0.99494,3.3,0.84,11.5,1
1586,0.31,0.41,2.4,0.065,60.0,0.99492,3.34,0.85,11.4,1
1587,0.61,0.11,1.8,0.066,28.0,0.99483,3.55,0.66,10.9,1
1588,0.66,0.33,2.5,0.068,102.0,0.99414,3.27,0.78,12.8,1
1590,0.55,0.15,1.8,0.077,35.0,0.99314,3.32,0.82,11.6,1
1591,0.74,0.09,1.7,0.089,26.0,0.99402,3.67,0.56,11.6,1
1592,0.51,0.13,2.3,0.076,40.0,0.99574,3.42,0.75,11.0,1
1593,0.62,0.08,1.9,0.068,38.0,0.99651,3.42,0.82,9.5,1
1594,0.6,0.08,2.0,0.09,44.0,0.9949,3.45,0.58,10.5,0
1595,0.55,0.1,2.2,0.062,51.0,0.99512,3.52,0.76,11.2,1
1597,0.645,0.12,2.0,0.075,44.0,0.99547,3.57,0.71,10.2,0
1598,0.31,0.47,3.6,0.067,42.0,0.99549,3.39,0.66,11.0,1
